TGLREPLENISH,JAMREPLENISH,ATMID,TYPEATMCRM,TELLERID,CABANG,ESCROW,REFUNDDENOM50K,REFUNDDENOM100K,REFUNDTOTAL,REPLENISHDENOM50K,REPLENISHDENOM100K,REPLENISHTOTAL
1260818,111507,"2095      ",ATM100K,"Z0PI      ",27004,0000000000000000000,0,5950000000,5950000000,0,20000000000,20000000000
1260818,141219,"2635      ",ATM100K,"Z0S1      ",8037,0000000000000000000,0,9670000000,9670000000,0,20000000000,20000000000
1260818,103309,"ZZUX      ",CRM,"W45X      ",47007,0000000800164118500,11895000000,24880000000,36775000000,20000000000,28000000000,48000000000
1260818,162010,"ZZQY      ",CRM,"W41Y      ",37003,0000000000000000000,2305000000,8160000000,10465000000,5000000000,20000000000,25000000000
1260818,85842,"ZZDI      ",CRM,"W26I      ",24008,0000000000000000000,21950000000,65940000000,87890000000,2000000000,2000000000,4000000000
1260818,105143,"ZZFL      ",CRM,"W29L      ",30,0000000000000000000,4425000000,8950000000,13375000000,2000000000,4000000000,6000000000
1260818,94912,"ZZ0V      ",CRM,"W03V      ",47007,0000000800164118500,7175000000,32550000000,39725000000,9500000000,28000000000,37500000000
1260818,210612,"1786      ",ATM50K,"Z0JA      ",47007,0000000800178531200,6205000000,0,6205000000,23000000000,0,23000000000
1260818,153353,"8390      ",ATM50K,"Z2P8      ",27519,0000000000000000000,8130000000,0,8130000000,8000000000,0,8000000000
1260818,113058,"3690      ",ATM50K,"Z1B9      ",39083,0000000000000000000,13020000000,0,13020000000,20000000000,0,20000000000
1260818,95120,"ZZYR      ",CRM,"W49R      ",47007,0000000800164118500,3610000000,13970000000,17580000000,5000000000,10000000000,15000000000
1260818,151310,"1228      ",ATM50K,"Z060      ",39041,0000000000000000000,5595000000,0,5595000000,16500000000,0,16500000000
1260818,120929,"1445      ",ATM50K,"Z0BI      ",34037,0000000000000000000,12070000000,0,12070000000,15000000000,0,15000000000
1260818,152209,"8087      ",ATM100K,"Z2I7      ",8016,0000000000000000000,0,6310000000,6310000000,0,10000000000,10000000000
1260818,103922,"A924      ",ATM50K,"Z7DT      ",31503,0000000000000000000,0,0,0,0,0,5000000000
1260818,33726,"1477      ",ATM50K,"Z0CD      ",47007,0000000800181276100,8870000000,0,8870000000,18000000000,0,18000000000
1260818,181323,"A092      ",ATM50K,"Z4ET      ",47007,0000000800034804500,7970000000,0,7970000000,27000000000,0,27000000000
1260818,151645,"ZZER      ",CRM,"W27R      ",39042,0000000000000000000,3780000000,14890000000,18670000000,2000000000,8000000000,10000000000
1260818,155245,"ZZ07      ",CRM,"W00A      ",47007,0000000800164118500,475000000,23830000000,24305000000,1500000000,28000000000,29500000000
1260818,124825,"ZZI4      ",CRM,"W20I      ",34073,0000000000000000000,4960000000,10000000000,14960000000,5000000000,10000000000,15000000000
1260818,82431,"ZZKH      ",CRM,"W35H      ",39026,0000000000000000000,4580000000,26230000000,30810000000,1000000000,2000000000,3000000000
1260818,205431,"A493      ",ATM50K,"Z6OE      ",47007,0000000800164118500,16005000000,0,16005000000,31000000000,0,31000000000
1260818,85741,"4370      ",ATM100K,"Z1MK      ",27513,0000000000000000000,0,26650000000,26650000000,0,20000000000,20000000000
1260818,101328,"4283      ",ATM50K,"Z31N      ",47007,0000000800164118500,0,0,0,30000000000,0,30000000000
1260818,135915,"ZZFI      ",CRM,"W29I      ",43000,0000000000000000000,3375000000,43420000000,46795000000,5000000000,10000000000,15000000000
1260818,104920,"8244      ",ATM50K,"Z2M4      ",24049,0000000000000000000,3550000000,0,3550000000,10000000000,0,10000000000
1260818,114042,"8217      ",ATM50K,"Z2LG      ",54,0000000000000000000,8595000000,0,8595000000,10000000000,0,10000000000
1260818,113440,"B023      ",ATM100K,"Z7HO      ",24032,0000000000000000000,0,2670000000,2670000000,0,10000000000,10000000000
1260818,72237,"ZZ10      ",CRM,"W00D      ",47007,0000000800164118500,2380000000,15600000000,17980000000,10000000000,10000000000,20000000000
1260818,145438,"6420      ",ATM50K,"Z20W      ",47007,0000000800164118500,5890000000,0,5890000000,30000000000,0,30000000000
1260818,103002,"1153      ",ATM50K,"Z041      ",47007,0000000800034805600,1995000000,0,1995000000,18500000000,0,18500000000
1260818,102424,"ZZSS      ",CRM,"W43S      ",39005,0000000000000000000,665000000,4200000000,4865000000,10000000000,20000000000,30000000000
1260818,95030,"3060      ",ATM50K,"Z0V4      ",8008,0000000000000000000,8710000000,0,8710000000,10000000000,0,10000000000
1260818,92138,"2640      ",ATM50K,"Z0S2      ",31002,0000000000000000000,4570000000,0,4570000000,10000000000,0,10000000000
1260818,160950,"ZZ78      ",CRM,"W02A      ",47007,0000000800181276100,5065000000,1650000000,6715000000,11000000000,21000000000,32000000000
1260818,150328,"ZZGQ      ",CRM,"W28Q      ",27520,0000000000000000000,4265000000,19660000000,23925000000,2000000000,4000000000,6000000000
1260818,103301,"4393      ",ATM50K,"Z34F      ",47007,0000000800035018400,25485000000,0,25485000000,30000000000,0,0
1260818,92032,"ZZN5      ",CRM,"W21N      ",24014,0000000000000000000,2430000000,48150000000,50580000000,2000000000,4000000000,6000000000
1260818,203051,"H310      ",CRM,"W61J      ",47007,0000000800034997200,0,0,0,0,0,0
1260818,143311,"3638      ",ATM100K,"Z19V      ",39019,0000000000000000000,0,3640000000,3640000000,0,10000000000,10000000000
1260818,84512,"4450      ",ATM100K,"Z1MR      ",27511,0000000000000000000,0,45120000000,45120000000,0,20000000000,20000000000
1260818,122410,"4765      ",ATM100K,"Z3DU      ",24033,0000000000000000000,0,12100000000,12100000000,0,20000000000,20000000000
1260818,124337,"ZZYZ      ",CRM,"W49Z      ",39033,0000000000000000000,2590000000,17460000000,20050000000,5000000000,10000000000,15000000000
1260818,144440,"ZZAE      ",CRM,"W1AE      ",23037,0000000000000000000,7415000000,18730000000,26145000000,5000000000,10000000000,15000000000
1260818,152554,"A721      ",ATM50K,"Z6UZ      ",8016,0000000000000000000,6730000000,0,6730000000,10000000000,0,10000000000
1260818,81840,"3695      ",ATM50K,"Z1BE      ",24035,0000000000000000000,4965000000,0,4965000000,3000000000,0,3000000000
1260818,85236,"ZZSE      ",CRM,"W43E      ",29010,0000000000000000000,10475000000,29080000000,39555000000,3000000000,5000000000,8000000000
1260818,142658,"8252      ",ATM100K,"Z2MB      ",43,0000000000000000000,0,13450000000,13450000000,0,20000000000,20000000000
1260818,162144,"H352      ",CRM,"W62Z      ",29012,0000000000000000000,4185000000,12290000000,16475000000,5000000000,20000000000,25000000000
1260818,12630,"H299      ",CRM,"W60Y      ",47007,0000000800164118500,435000000,4170000000,4605000000,5000000000,10000000000,15000000000
1260818,101658,"5364      ",ATM100K,"Z3QL      ",47007,0000000800181276100,0,18100000000,18100000000,0,14000000000,14000000000
1260818,160444,"1460      ",ATM100K,"Z0BX      ",4016,0000000000000000000,0,9920000000,9920000000,0,20000000000,20000000000
1260818,124358,"8136      ",ATM100K,"Z2JE      ",39028,0000000000000000000,0,17640000000,17640000000,0,20000000000,20000000000
1260818,105411,"B665      ",ATM50K,"Z8FO      ",47007,0000000800181276100,3860000000,0,3860000000,21000000000,0,21000000000
1260818,95338,"H364      ",CRM,"W63L      ",27527,0000000000000000000,6985000000,5340000000,12325000000,2000000000,4000000000,6000000000
1260818,103103,"4907      ",ATM50K,"Z3HG      ",47007,0000000800164118500,17620000000,0,17620000000,30000000000,0,30000000000
1260818,84226,"ZZXL      ",CRM,"W48L      ",47007,0000000800164118500,4080000000,11260000000,15340000000,10000000000,10000000000,20000000000
1260818,122245,"ZZFA      ",CRM,"W29A      ",34053,0000000000000000000,1385000000,9590000000,10975000000,5000000000,10000000000,15000000000
1260818,235154,"6133      ",ATM50K,"Z47V      ",47007,0000000800184943800,0,0,0,20000000000,0,20000000000
1260818,83623,"4283      ",ATM50K,"Z31N      ",47007,0000000800164118500,17220000000,0,17220000000,30000000000,0,0
1260818,133151,"B634      ",ATM100K,"Z8EJ      ",43503,0000000000000000000,0,2100000000,2100000000,0,5000000000,5000000000
1260818,112044,"A286      ",ATM50K,"Z4K8      ",47007,0000000800034862000,8880000000,0,8880000000,15000000000,0,15000000000
1260818,111951,"ZZP3      ",CRM,"W19P      ",29019,0000000000000000000,3845000000,10520000000,14365000000,5000000000,20000000000,25000000000
1260818,102402,"5799      ",ATM50K,"Z41R      ",47007,0000000800164118500,31655000000,0,31655000000,30000000000,0,0
1260818,71734,"8166      ",ATM100K,"Z2K5      ",43505,0000000000000000000,0,20530000000,20530000000,0,20000000000,20000000000
1260818,70059,"1348      ",ATM50K,"Z08Y      ",47007,0000000800164118500,15240000000,0,15240000000,30000000000,0,30000000000
1260818,100239,"6832      ",ATM50K,"Z2BJ      ",47007,0000000800164118500,6660000000,0,6660000000,30000000000,0,30000000000
1260818,180730,"ZZSX      ",CRM,"W43X      ",23024,0000000000000000000,2450000000,3260000000,5710000000,5000000000,0,5000000000
1260818,110435,"6960      ",ATM100K,"Z2F0      ",4021,0000000000000000000,0,7810000000,7810000000,0,10000000000,10000000000
1260818,92820,"3629      ",ATM100K,"Z19M      ",31002,0000000000000000000,0,12880000000,12880000000,0,20000000000,20000000000
1260818,82038,"9408      ",ATM50K,"Z2V4      ",24038,0000000000000000000,24520000000,0,24520000000,20000000000,0,20000000000
1260818,100351,"ZZO4      ",CRM,"W20O      ",24011,0000000000000000000,13490000000,29040000000,42530000000,2000000000,4000000000,6000000000
1260818,135900,"A131      ",ATM50K,"Z4FW      ",47007,0000000800034805600,10535000000,0,10535000000,36000000000,0,36000000000
1260818,184025,"H163      ",CRM,"W55S      ",47007,0000000800034806800,935000000,6160000000,7095000000,12000000000,14000000000,26000000000
1260818,225911,"1004      ",ATM50K,"Z003      ",47007,0000000800164118500,7665000000,0,7665000000,23500000000,0,23500000000
1260818,145059,"A925      ",ATM50K,"Z7DU      ",28505,0000000000000000000,4955000000,0,4955000000,0,0,0
1260818,93502,"1246      ",ATM50K,"Z06G      ",47007,0000000800034806800,10125000000,0,10125000000,32500000000,0,32500000000
1260819,3431,"A067      ",ATM50K,"Z4E4      ",47007,0000000800035018400,5265000000,0,5265000000,23000000000,0,23000000000
1260818,151940,"A753      ",ATM100K,"Z6WF      ",42004,0000000000000000000,0,70000000,70000000,0,20000000000,20000000000
1260818,102543,"1471      ",ATM100K,"Z0C8      ",29000,0000000000000000000,0,11320000000,11320000000,0,10000000000,10000000000
1260818,93500,"6777      ",ATM50K,"Z2A7      ",47007,0000000800164118500,4610000000,0,4610000000,30000000000,0,30000000000
1260818,84013,"3656      ",ATM100K,"Z1AB      ",39022,0000000000000000000,0,24670000000,24670000000,0,10000000000,10000000000
1260818,122354,"4861      ",ATM50K,"Z3GA      ",47007,0000000800164118500,14845000000,0,14845000000,30000000000,0,30000000000
1260818,102228,"1172      ",ATM100K,"Z04K      ",34041,0000000000000000000,0,24010000000,24010000000,0,20000000000,20000000000
1260818,195710,"ZZVN      ",CRM,"W46N      ",47007,0000000800164118500,3685000000,4370000000,8055000000,5000000000,10000000000,15000000000
1260818,83601,"ZZ26      ",CRM,"W00U      ",47007,0000000800164118500,4320000000,30950000000,35270000000,5000000000,10000000000,15000000000
1260818,32931,"6529      ",ATM50K,"Z23R      ",47007,0000000800178541700,5330000000,0,5330000000,18000000000,0,18000000000
1260818,145306,"3340      ",ATM50K,"Z127      ",29014,0000000000000000000,19190000000,0,19190000000,10000000000,0,10000000000
1260818,100624,"2830      ",ATM100K,"Z0SU      ",20007,0000000000000000000,0,32310000000,32310000000,0,20000000000,20000000000
1260818,74844,"3280      ",ATM100K,"Z10Q      ",47007,0000000800164118500,0,15250000000,15250000000,0,44000000000,44000000000
1260818,74422,"1857      ",ATM100K,"Z0L7      ",47007,0000000800164118500,0,38420000000,38420000000,0,50000000000,50000000000
1260818,132415,"5195      ",ATM100K,"Z3OS      ",47007,0000000800034997200,0,4920000000,4920000000,0,21600000000,21600000000
1260818,93425,"ZZSR      ",CRM,"W43R      ",34035,0000000000000000000,16770000000,45460000000,62230000000,2000000000,4000000000,6000000000
1260818,83250,"ZZPL      ",CRM,"W40L      ",37007,0000000000000000000,6520000000,38080000000,44600000000,5000000000,5000000000,10000000000
1260818,82907,"B014      ",ATM100K,"Z7HF      ",23008,0000000000000000000,0,6530000000,6530000000,0,8000000000,8000000000
1260818,101419,"H216      ",CRM,"W57T      ",34081,0000000000000000000,1965000000,4200000000,6165000000,2500000000,5000000000,7500000000
1260818,153116,"B041      ",ATM50K,"Z7IG      ",20022,0000000000000000000,4420000000,0,4420000000,10000000000,0,10000000000
1260818,123801,"ZZUZ      ",CRM,"W45Z      ",47007,0000000800164118500,19800000000,28020000000,47820000000,20000000000,28000000000,48000000000
1260818,91741,"B018      ",ATM100K,"Z7HJ      ",23012,0000000000000000000,0,20840000000,20840000000,0,20000000000,20000000000
1260818,111555,"ZZKQ      ",CRM,"W35Q      ",8008,0000000000000000000,2140000000,6720000000,8860000000,5000000000,10000000000,15000000000
1260818,104108,"ZZRP      ",CRM,"W42P      ",39028,0000000000000000000,4245000000,11550000000,15795000000,10000000000,10000000000,20000000000
1260818,202911,"4591      ",ATM100K,"Z39E      ",47007,0000000800178541700,0,12340000000,12340000000,0,38000000000,38000000000
1260818,102458,"2360      ",ATM100K,"Z0QP      ",29000,0000000000000000000,0,13010000000,13010000000,0,10000000000,10000000000
1260818,164805,"1360      ",ATM50K,"Z098      ",23013,0000000000000000000,12630000000,0,12630000000,10000000000,0,10000000000
1260818,134950,"1039      ",ATM100K,"Z010      ",47007,0000000800164118500,0,53210000000,53210000000,0,36000000000,36000000000
1260818,121341,"4723      ",ATM50K,"Z3CS      ",47007,0000000800164118500,5450000000,0,5450000000,24500000000,0,24500000000
1260818,152503,"ZZPR      ",CRM,"W40R      ",23014,0000000000000000000,3670000000,3570000000,7240000000,5000000000,4000000000,9000000000
1260818,173922,"B693      ",ATM50K,"Z9AQ      ",47007,0000000800035077200,5275000000,0,5275000000,10000000000,0,10000000000
1260818,150524,"1840      ",ATM50K,"Z0KQ      ",39042,0000000000000000000,8700000000,0,8700000000,10000000000,0,10000000000
1260818,95108,"1119      ",ATM100K,"Z034      ",29031,0000000000000000000,0,36050000000,36050000000,0,35000000000,35000000000
1260818,142305,"H104      ",CRM,"W52I      ",37015,0000000000000000000,4320000000,22680000000,27000000000,5000000000,10000000000,15000000000
1260818,113138,"ZZ6E      ",CRM,"W12E      ",47007,0000000800184550900,1300000000,12010000000,13310000000,10000000000,20000000000,30000000000
1260818,123830,"B628      ",ATM100K,"Z8ED      ",47007,0000000800178541700,0,9330000000,9330000000,0,20000000000,20000000000
1260818,134709,"B685      ",ATM50K,"Z9AI      ",47007,0000000800164118500,2960000000,0,2960000000,40000000000,0,40000000000
1260818,101845,"1571      ",ATM50K,"Z0EQ      ",47007,0000000800034858700,5725000000,0,5725000000,20000000000,0,20000000000
1260818,94802,"2905      ",ATM100K,"Z0T3      ",37006,0000000000000000000,0,20800000000,20800000000,0,30000000000,30000000000
1260818,92634,"A925      ",ATM50K,"Z7DU      ",28505,0000000000000000000,0,0,0,0,0,5000000000
1260818,175948,"3040      ",ATM100K,"Z0UL      ",8005,0000000000000000000,0,17990000000,17990000000,0,20000000000,20000000000
1260818,145007,"8158      ",ATM50K,"Z2JX      ",31011,0000000000000000000,3925000000,0,3925000000,10000000000,0,10000000000
1260818,101356,"ZZAG      ",CRM,"W1AG      ",20007,0000000000000000000,6385000000,12740000000,19125000000,2000000000,4000000000,6000000000
1260818,93102,"1616      ",ATM50K,"Z0FS      ",27000,0000000000000000000,7970000000,0,7970000000,10000000000,0,10000000000
1260818,130303,"ZZZ9      ",CRM,"W24Z      ",47007,0000000800164118500,6930000000,14620000000,21550000000,5000000000,5000000000,10000000000
1260818,102148,"8671      ",ATM100K,"Z2S0      ",43501,0000000000000000000,0,3800000000,3800000000,0,10000000000,10000000000
1260818,81519,"2910      ",ATM100K,"Z0T4      ",31500,0000000000000000000,0,21830000000,21830000000,0,10000000000,10000000000
1260818,82951,"H334      ",CRM,"W62H      ",44000,0000000000000000000,28490000000,25760000000,54250000000,5000000000,10000000000,15000000000
1260818,134337,"4599      ",ATM50K,"Z39M      ",47007,0000000800034806800,11095000000,0,11095000000,28000000000,0,28000000000
1260818,120930,"A978      ",ATM100K,"Z7FW      ",20028,0000000000000000000,0,24090000000,24090000000,0,40000000000,40000000000
1260818,91442,"ZZLN      ",CRM,"W36N      ",37005,0000000000000000000,3450000000,17960000000,21410000000,5000000000,10000000000,15000000000
1260818,111416,"ZZSH      ",CRM,"W43H      ",27004,0000000000000000000,2115000000,18400000000,20515000000,2000000000,8000000000,10000000000
1260818,100834,"3761      ",ATM50K,"Z1D6      ",47007,0000000800184550900,3945000000,0,3945000000,30000000000,0,30000000000
1260818,163028,"1232      ",ATM100K,"Z064      ",9,0000000000000000000,0,9310000000,9310000000,0,10000000000,10000000000
1260818,205314,"ZZIJ      ",CRM,"W32J      ",47007,0000000800164118500,2525000000,32430000000,34955000000,2500000000,28000000000,30500000000
1260818,104008,"ZZK3      ",CRM,"W19K      ",4019,0000000000000000000,3010000000,11760000000,14770000000,10000000000,5000000000,15000000000
1260818,132543,"1567      ",ATM50K,"Z0EM      ",47007,0000000800164118500,4100000000,0,4100000000,30000000000,0,30000000000
1260818,121013,"H055      ",CRM,"W08C      ",47007,0000000800034805600,8035000000,13020000000,21055000000,10000000000,20000000000,30000000000
1260818,84100,"ZZEV      ",CRM,"W29V      ",39069,0000000000000000000,10025000000,30940000000,40965000000,5000000000,10000000000,15000000000
1260818,83902,"ZZOD      ",CRM,"W39D      ",23012,0000000000000000000,790000000,3850000000,4640000000,1000000000,2000000000,3000000000
1260818,212200,"H399      ",CRM,"W64U      ",47007,0000000800035076000,7300000000,20220000000,27520000000,5000000000,10000000000,15000000000
1260818,94202,"8351      ",ATM50K,"Z2OF      ",39078,0000000000000000000,10430000000,0,10430000000,10000000000,0,10000000000
1260818,103304,"ZZKE      ",CRM,"W35E      ",39013,0000000000000000000,9100000000,41990000000,51090000000,5000000000,10000000000,15000000000
1260818,85919,"3550      ",ATM100K,"Z17K      ",27510,0000000000000000000,0,27290000000,27290000000,0,30000000000,30000000000
1260818,131817,"8278      ",ATM100K,"Z2MZ      ",27518,0000000000000000000,0,17410000000,17410000000,0,20000000000,20000000000
1260818,84421,"1685      ",ATM100K,"Z0HM      ",29010,0000000000000000000,0,26060000000,26060000000,0,20000000000,20000000000
1260818,81321,"3672      ",ATM100K,"Z1AR      ",24038,0000000000000000000,0,12290000000,12290000000,0,20000000000,20000000000
1260818,133032,"6122      ",ATM100K,"Z47Q      ",47007,0000000800166213800,0,47280000000,47280000000,0,60000000000,60000000000
1260818,121321,"ZZ6G      ",CRM,"W12G      ",34031,0000000000000000000,8070000000,8920000000,16990000000,10000000000,10000000000,20000000000
1260818,145914,"4844      ",ATM50K,"Z3FV      ",47007,0000000800164118500,6810000000,0,6810000000,30000000000,0,30000000000
1260818,100924,"ZZ7T      ",CRM,"W13T      ",47007,0000000800034806800,7395000000,40160000000,47555000000,5000000000,28000000000,33000000000
1260818,91942,"1399      ",ATM50K,"Z0A9      ",47007,0000000800164118500,7680000000,0,7680000000,30000000000,0,30000000000
1260818,73838,"2150      ",ATM100K,"Z0PP      ",37009,0000000000000000000,0,23910000000,23910000000,0,20000000000,20000000000
1260818,73347,"ZZLR      ",CRM,"W36R      ",31501,0000000000000000000,2600000000,4500000000,7100000000,2000000000,4000000000,6000000000
1260818,135406,"4345      ",ATM50K,"Z337      ",47007,0000000800164118500,15585000000,0,15585000000,36000000000,0,36000000000
1260818,130519,"6316      ",ATM50K,"Z1Y8      ",47007,0000000800164118500,9270000000,0,9270000000,36500000000,0,36500000000
1260818,111435,"4417      ",ATM50K,"Z351      ",47007,0000000800164118500,3195000000,0,3195000000,40000000000,0,40000000000
1260818,120121,"ZZLC      ",CRM,"W36C      ",34037,0000000000000000000,5010000000,10700000000,15710000000,5000000000,10000000000,15000000000
1260818,91958,"H330      ",CRM,"W62D      ",31504,0000000000000000000,4400000000,8190000000,12590000000,2000000000,4000000000,6000000000
1260818,170915,"4026      ",ATM50K,"Z1K2      ",47007,0000000800164118500,8535000000,0,8535000000,36000000000,0,36000000000
1260818,124958,"4797      ",ATM100K,"Z3EN      ",47007,0000000800034997200,0,3710000000,3710000000,0,30000000000,30000000000
1260818,104211,"8092      ",ATM50K,"Z2IC      ",30,0000000000000000000,4660000000,0,4660000000,10000000000,0,10000000000
1260818,92403,"ZZOF      ",CRM,"W39F      ",12007,0000000000000000000,4785000000,10360000000,15145000000,5000000000,10000000000,15000000000
1260818,82601,"8247      ",ATM50K,"Z2M7      ",34010,0000000000000000000,11140000000,0,11140000000,0,0,0
1260818,152938,"ZZFF      ",CRM,"W29F      ",31004,0000000000000000000,4745000000,14230000000,18975000000,3000000000,6000000000,9000000000
1260818,130246,"ZZ6M      ",CRM,"W12M      ",47007,0000000800184550900,0,0,0,0,0,0
1260818,100827,"8569      ",ATM100K,"Z2R2      ",34000,0000000000000000000,0,9810000000,9810000000,0,20000000000,20000000000
1260818,90724,"3950      ",ATM50K,"Z1I8      ",47007,0000000800034997200,4465000000,0,4465000000,19000000000,0,19000000000
1260818,83251,"A512      ",ATM100K,"Z6OX      ",34057,0000000000000000000,0,32330000000,32330000000,0,20000000000,20000000000
1260818,142521,"ZZR4      ",CRM,"W20R      ",24022,0000000000000000000,4190000000,11710000000,15900000000,2000000000,4000000000,6000000000
1260818,102341,"ZZPZ      ",CRM,"W40Z      ",6,0000000000000000000,1855000000,750000000,2605000000,3000000000,3000000000,6000000000
1260818,93550,"ZZV4      ",CRM,"W20V      ",44006,0000000000000000000,4250000000,8160000000,12410000000,2000000000,2000000000,4000000000
1260818,100527,"B236      ",ATM100K,"Z7LP      ",43505,0000000000000000000,0,10050000000,10050000000,0,30000000000,30000000000
1260818,152209,"H131      ",CRM,"W53M      ",23048,0000000000000000000,7155000000,6990000000,14145000000,10000000000,15000000000,25000000000
1260818,153501,"1293      ",ATM100K,"Z07N      ",27519,0000000000000000000,0,14930000000,14930000000,0,16000000000,16000000000
1260818,93914,"1892      ",ATM50K,"Z0M4      ",34035,0000000000000000000,11580000000,0,11580000000,10000000000,0,10000000000
1260818,141325,"ZZ5E      ",CRM,"W11E      ",47007,0000000800164118500,5125000000,30220000000,35345000000,5000000000,10000000000,15000000000
1260818,152901,"B253      ",ATM50K,"Z7JS      ",47007,0000000800181276100,4465000000,0,4465000000,30000000000,0,30000000000
1260818,110735,"A569      ",ATM50K,"Z6QI      ",47007,0000000800164118500,25785000000,0,25785000000,40000000000,0,0
1260818,124105,"ZZEI      ",CRM,"W27I      ",31500,0000000000000000000,3315000000,5290000000,8605000000,2000000000,4000000000,6000000000
1260818,104005,"H090      ",CRM,"W51W      ",4008,0000000000000000000,3025000000,1600000000,4625000000,5000000000,10000000000,15000000000
1260818,94935,"ZZI4      ",CRM,"W20I      ",34073,0000000000000000000,2290000000,17070000000,19360000000,5000000000,10000000000,15000000000
1260818,90135,"H396      ",CRM,"W64R      ",39086,0000000000000000000,2965000000,4130000000,7095000000,5000000000,5000000000,10000000000
1260818,82833,"1525      ",ATM100K,"Z0DK      ",39026,0000000000000000000,0,19100000000,19100000000,0,10000000000,10000000000
1260818,160209,"H223      ",CRM,"W58A      ",29037,0000000000000000000,5970000000,12890000000,18860000000,5000000000,15000000000,20000000000
1260818,135015,"ZZKM      ",CRM,"W35M      ",27523,0000000000000000000,9435000000,12110000000,21545000000,2000000000,6000000000,8000000000
1260818,152328,"H141      ",CRM,"W54W      ",34073,0000000000000000000,4760000000,8490000000,13250000000,5000000000,10000000000,15000000000
1260818,140924,"6086      ",ATM50K,"Z1SM      ",47007,0000000800166213800,11830000000,0,11830000000,40000000000,0,40000000000
1260818,113326,"ZZ1H      ",CRM,"W04H      ",47007,0000000800164118500,1150000000,4350000000,5500000000,14000000000,17000000000,31000000000
1260818,120255,"6497      ",ATM50K,"Z22Y      ",47007,0000000800164118500,6220000000,0,6220000000,33500000000,0,33500000000
1260818,110719,"6956      ",ATM50K,"Z2EW      ",4021,0000000000000000000,5720000000,0,5720000000,10000000000,0,10000000000
1260818,162043,"ZZXK      ",CRM,"W48K      ",34048,0000000000000000000,5140000000,11400000000,16540000000,5000000000,10000000000,15000000000
1260818,114512,"ZZQD      ",CRM,"W41D      ",44007,0000000000000000000,685000000,1320000000,2005000000,1000000000,4000000000,5000000000
1260818,144253,"8139      ",ATM50K,"Z2JH      ",24045,0000000000000000000,23355000000,0,23355000000,10000000000,0,10000000000
1260818,151056,"ZZQP      ",CRM,"W41P      ",29011,0000000000000000000,14120000000,1960000000,16080000000,5000000000,10000000000,15000000000
1260818,132306,"6829      ",ATM50K,"Z2BG      ",47007,0000000800164118500,11415000000,0,11415000000,30000000000,0,30000000000
1260818,221829,"B294      ",ATM50K,"Z7LD      ",47007,0000000800164118500,14530000000,0,14530000000,30000000000,0,30000000000
1260818,134031,"A477      ",ATM50K,"Z6NY      ",47007,0000000800184550900,8710000000,0,8710000000,20000000000,0,20000000000
1260818,91440,"3810      ",ATM50K,"Z1EJ      ",39066,0000000000000000000,20270000000,0,20270000000,10000000000,0,10000000000
1260818,175331,"ZZC9      ",CRM,"W24C      ",47007,0000000800034858700,1915000000,590000000,2505000000,5000000000,10000000000,15000000000
1260818,134143,"B387      ",ATM50K,"Z7NN      ",47007,0000000800034997200,14465000000,0,14465000000,16800000000,0,16800000000
1260818,194705,"H201      ",CRM,"W57E      ",47007,0000000800181276100,8705000000,7200000000,15905000000,14000000000,14000000000,28000000000
1260818,150126,"ZZOE      ",CRM,"W39E      ",33,0000000000000000000,5810000000,20420000000,26230000000,6000000000,12000000000,18000000000
1260818,103651,"2000      ",ATM100K,"Z0OM      ",20024,0000000000000000000,0,36110000000,36110000000,0,20000000000,20000000000
1260818,143520,"3830      ",ATM100K,"Z1F3      ",8032,0000000000000000000,0,22880000000,22880000000,0,20000000000,20000000000
1260818,75627,"A745      ",ATM100K,"Z6VX      ",34027,0000000000000000000,0,8010000000,8010000000,0,10000000000,10000000000
1260818,91552,"ZZRH      ",CRM,"W42H      ",39072,0000000000000000000,6945000000,15390000000,22335000000,5000000000,10000000000,15000000000
1260818,133035,"H086      ",CRM,"W51S      ",47007,0000000800184550900,0,0,0,0,0,0
1260818,102659,"ZZ0J      ",CRM,"W03J      ",47007,0000000800164118500,620000000,25630000000,26250000000,3000000000,28000000000,31000000000
1260818,104904,"H225      ",CRM,"W58C      ",23049,0000000000000000000,2305000000,8210000000,10515000000,5000000000,10000000000,15000000000
1260818,194905,"A569      ",ATM50K,"Z6QI      ",47007,0000000800164118500,0,0,0,40000000000,0,40000000000
1260818,105534,"A027      ",ATM50K,"Z4D0      ",47007,0000000800164118500,7340000000,0,7340000000,32000000000,0,32000000000
1260818,105149,"4139      ",ATM50K,"Z2Y4      ",34047,0000000000000000000,11595000000,0,11595000000,20000000000,0,20000000000
1260818,123029,"ZZNI      ",CRM,"W38I      ",39022,0000000000000000000,10885000000,36170000000,47055000000,2000000000,4000000000,6000000000
1260818,105838,"ZZCO      ",CRM,"W25O      ",39066,0000000000000000000,3000000000,8070000000,11070000000,5000000000,10000000000,15000000000
1260818,163637,"5060      ",ATM50K,"Z1OA      ",47007,0000000800164118500,2380000000,0,2380000000,37500000000,0,37500000000
1260818,93220,"8277      ",ATM100K,"Z2MY      ",34006,0000000000000000000,0,5730000000,5730000000,0,10000000000,10000000000
1260818,112126,"ZZB9      ",CRM,"W24B      ",12,0000000000000000000,2000000000,4030000000,6030000000,3000000000,5000000000,8000000000
1260818,102120,"ZZEN      ",CRM,"W27N      ",29000,0000000000000000000,920000000,11050000000,11970000000,2000000000,4000000000,6000000000
1260818,115251,"4072      ",ATM50K,"Z1L8      ",47007,0000000800151986200,8090000000,0,8090000000,30000000000,0,30000000000
1260818,113942,"ZZZ3      ",CRM,"W19Z      ",39083,0000000000000000000,1335000000,700000000,2035000000,1000000000,2000000000,3000000000
1260818,141654,"B670      ",ATM50K,"Z8ZT      ",47007,0000000800178538600,1675000000,0,1675000000,7000000000,0,7000000000
1260818,121248,"6347      ",ATM100K,"Z1YY      ",34053,0000000000000000000,0,25970000000,25970000000,0,20000000000,20000000000
1260818,122825,"ZZT8      ",CRM,"W23T      ",29004,0000000000000000000,2575000000,1980000000,4555000000,3000000000,7000000000,10000000000
1260818,121633,"ZZQC      ",CRM,"W41C      ",20029,0000000000000000000,3615000000,11120000000,14735000000,5000000000,10000000000,15000000000
1260818,95440,"ZZRQ      ",CRM,"W42Q      ",37006,0000000000000000000,2995000000,16160000000,19155000000,5000000000,10000000000,15000000000
1260818,92159,"ZZFM      ",CRM,"W29M      ",39016,0000000000000000000,1995000000,3540000000,5535000000,4000000000,4000000000,8000000000
1260818,144323,"4132      ",ATM50K,"Z2X7      ",47007,0000000800034806800,1870000000,0,1870000000,10000000000,0,10000000000
1260818,134225,"1057      ",ATM100K,"Z01H      ",47007,0000000800164118500,0,23180000000,23180000000,0,60000000000,60000000000
1260818,151723,"ZZTA      ",CRM,"W44A      ",8026,0000000000000000000,5055000000,9160000000,14215000000,6000000000,10000000000,16000000000
1260818,100423,"ZZGK      ",CRM,"W28K      ",28500,0000000000000000000,5265000000,34610000000,39875000000,5000000000,10000000000,15000000000
1260818,152502,"ZZRA      ",CRM,"W42A      ",39019,0000000000000000000,4290000000,10380000000,14670000000,2500000000,5000000000,7500000000
1260818,135659,"1261      ",ATM50K,"Z06U      ",47007,0000000800184550900,4145000000,0,4145000000,20000000000,0,20000000000
1260818,161047,"ZZRW      ",CRM,"W42W      ",27507,0000000000000000000,0,0,0,0,0,0
1260818,82453,"5270      ",ATM50K,"Z1OP      ",37004,0000000000000000000,14630000000,0,14630000000,10000000000,0,10000000000
1260818,120615,"4239      ",ATM50K,"Z30K      ",47007,0000000800164118500,5115000000,0,5115000000,30000000000,0,30000000000
1260818,172949,"6651      ",ATM50K,"Z26X      ",47007,0000000800184943800,825000000,0,825000000,10000000000,0,10000000000
1260818,115337,"ZZDH      ",CRM,"W26H      ",24026,0000000000000000000,590000000,2430000000,3020000000,5000000000,30000000000,35000000000
1260818,72849,"ZZEA      ",CRM,"W27A      ",44010,0000000000000000000,22785000000,47850000000,70635000000,1000000000,1000000000,2000000000
1260818,103205,"4289      ",ATM50K,"Z31T      ",47007,0000000800034997200,5760000000,0,5760000000,40000000000,0,40000000000
1260818,112544,"ZZM0      ",CRM,"W16M      ",47007,0000000800164118500,3490000000,32810000000,36300000000,14000000000,18000000000,32000000000
1260818,152427,"B652      ",ATM100K,"Z8FB      ",24051,0000000000000000000,0,19780000000,19780000000,0,20000000000,20000000000
1260818,184439,"H245      ",CRM,"W58W      ",47007,0000000800164118500,0,0,0,0,0,0
1260818,162448,"ZZOC      ",CRM,"W39C      ",9,0000000000000000000,380000000,2160000000,2540000000,1000000000,2000000000,3000000000
1260818,171448,"8156      ",ATM50K,"Z2JW      ",34070,0000000000000000000,13545000000,0,13545000000,15000000000,0,15000000000
1260818,152312,"ZZSI      ",CRM,"W43I      ",29003,0000000000000000000,1470000000,5780000000,7250000000,1990000000,4010000000,6000000000
1260818,123611,"ZZIN      ",CRM,"W32N      ",39057,0000000000000000000,1385000000,11520000000,12905000000,4000000000,6000000000,10000000000
1260818,93118,"5387      ",ATM50K,"Z3R8      ",47007,0000000800184550900,3900000000,0,3900000000,30000000000,0,30000000000
1260818,143204,"1025      ",ATM50K,"Z00N      ",24022,0000000000000000000,3990000000,0,3990000000,10000000000,0,10000000000
1260818,152918,"H345      ",CRM,"W62S      ",24051,0000000000000000000,0,0,0,0,0,0
1260818,93113,"3900      ",ATM100K,"Z1GZ      ",37005,0000000000000000000,0,22010000000,22010000000,0,20000000000,20000000000
1260818,124104,"4106      ",ATM50K,"Z2XF      ",24040,0000000000000000000,18955000000,0,18955000000,10000000000,0,10000000000
1260818,144352,"ZZHO      ",CRM,"W30O      ",32000,0000000000000000000,6520000000,15620000000,22140000000,2000000000,4000000000,6000000000
1260818,101005,"H367      ",CRM,"W63O      ",6,0000000000000000000,1175000000,450000000,1625000000,3000000000,3000000000,6000000000
1260818,91018,"ZZKO      ",CRM,"W35O      ",20038,0000000000000000000,13365000000,51360000000,64725000000,2000000000,4000000000,6000000000
1260818,113840,"B703      ",ATM100K,"Z9BB      ",67,0000000000000000000,0,13100000000,13100000000,0,20000000000,20000000000
1260818,163324,"ZZMT      ",CRM,"W37T      ",34019,0000000000000000000,6810000000,28850000000,35660000000,2000000000,2000000000,4000000000
1260818,152540,"ZZRN      ",CRM,"W42N      ",34013,0000000000000000000,11355000000,17110000000,28465000000,15000000000,10000000000,25000000000
1260818,115145,"H381      ",CRM,"WH4C      ",20036,0000000000000000000,1920000000,7610000000,9530000000,2000000000,4000000000,6000000000
1260818,131502,"6129      ",ATM50K,"Z1TR      ",47007,0000000800034805600,7825000000,0,7825000000,34000000000,0,34000000000
1260818,101711,"3816      ",ATM50K,"Z1EP      ",47007,0000000800164118500,9125000000,0,9125000000,30000000000,0,30000000000
1260818,95143,"ZZDA      ",CRM,"W26A      ",4006,0000000000000000000,7335000000,13440000000,20775000000,5000000000,10000000000,15000000000
1260818,112334,"3865      ",ATM100K,"Z1G1      ",27514,0000000000000000000,0,28370000000,28370000000,0,40000000000,40000000000
1260818,95640,"8337      ",ATM100K,"Z2OA      ",43504,0000000000000000000,0,10490000000,10490000000,0,10000000000,10000000000
1260818,163122,"4778      ",ATM50K,"Z3E6      ",47007,0000000800184943800,13630000000,0,13630000000,20000000000,0,0
1260818,152510,"3902      ",ATM50K,"Z1H1      ",47007,0000000800034997200,10025000000,0,10025000000,40000000000,0,40000000000
1260818,103940,"4159      ",ATM100K,"Z2YN      ",39083,0000000000000000000,0,9560000000,9560000000,0,20000000000,20000000000
1260818,92742,"H345      ",CRM,"W62S      ",24051,0000000000000000000,900000000,980000000,1880000000,1000000000,2000000000,3000000000
1260818,20939,"ZZUZ      ",CRM,"W45Z      ",47007,0000000800164118500,10250000000,23880000000,34130000000,20000000000,28000000000,48000000000
1260818,122119,"3704      ",ATM100K,"Z1BN      ",39047,0000000000000000000,0,11540000000,11540000000,0,20000000000,20000000000
1260818,134129,"ZZVD      ",CRM,"W46D      ",47007,0000000800164118500,13420000000,27870000000,41290000000,18500000000,28000000000,46500000000
1260818,114352,"H095      ",CRM,"W52B      ",12,0000000000000000000,3010000000,5000000000,8010000000,3000000000,5000000000,8000000000
1260818,93539,"1700      ",ATM100K,"Z0HZ      ",24014,0000000000000000000,0,15620000000,15620000000,0,20000000000,20000000000
1260818,101308,"A720      ",ATM50K,"Z6IJ      ",8014,0000000000000000000,5770000000,0,5770000000,10000000000,0,10000000000
1260818,100647,"ZZGM      ",CRM,"W28M      ",39031,0000000000000000000,6980000000,29440000000,36420000000,2000000000,4000000000,6000000000
1260818,151732,"3785      ",ATM100K,"Z1DU      ",29003,0000000000000000000,0,16000000000,16000000000,0,10000000000,10000000000
1260818,120407,"B020      ",ATM100K,"Z7HL      ",23024,0000000000000000000,0,16040000000,16040000000,0,20000000000,20000000000
1260818,141931,"ZZL8      ",CRM,"W23L      ",47007,0000000800164118500,0,0,0,0,0,0
1260818,114325,"ZZK4      ",CRM,"W20K      ",34023,0000000000000000000,2535000000,19640000000,22175000000,2500000000,5000000000,7500000000
1260818,85634,"1889      ",ATM50K,"Z0M1      ",37007,0000000000000000000,17625000000,0,17625000000,20000000000,0,20000000000
1260818,94734,"ZZTE      ",CRM,"W44E      ",8019,0000000000000000000,3410000000,18240000000,21650000000,5000000000,10000000000,15000000000
1260818,85534,"8969      ",ATM50K,"Z2TN      ",39061,0000000000000000000,11940000000,0,11940000000,10000000000,0,10000000000
1260818,165259,"4393      ",ATM50K,"Z34F      ",47007,0000000800035018400,0,0,0,30000000000,0,30000000000
1260818,150855,"6001      ",ATM100K,"Z46W      ",39042,0000000000000000000,0,13020000000,13020000000,0,10000000000,10000000000
1260818,143855,"A805      ",ATM50K,"Z6YD      ",47007,0000000800034805600,11355000000,0,11355000000,40000000000,0,40000000000
1260818,74546,"3458      ",ATM50K,"Z159      ",31012,0000000000000000000,9700000000,0,9700000000,10000000000,0,10000000000
1260818,150014,"ZZMP      ",CRM,"W37P      ",31011,0000000000000000000,3640000000,11910000000,15550000000,3000000000,6000000000,9000000000
1260818,100025,"H377      ",CRM,"W63Y      ",16,0000000000000000000,3705000000,10380000000,14085000000,4000000000,11000000000,15000000000
1260818,101336,"B645      ",ATM100K,"Z8EU      ",59,0000000000000000000,0,10170000000,10170000000,0,10000000000,10000000000
1260818,104609,"2960      ",ATM50K,"Z0TB      ",39069,0000000000000000000,2745000000,0,2745000000,10000000000,0,10000000000
1260818,73736,"ZZLJ      ",CRM,"W36J      ",31501,0000000000000000000,2930000000,12700000000,15630000000,2000000000,4000000000,6000000000
1260818,81416,"4320      ",ATM50K,"Z1MF      ",31500,0000000000000000000,7460000000,0,7460000000,5000000000,0,5000000000
1260818,72355,"4178      ",ATM100K,"Z2Z1      ",47007,0000000800164118500,0,27910000000,27910000000,0,35000000000,35000000000
1260818,203536,"B561      ",ATM50K,"Z8BP      ",47007,0000000800164118500,0,0,0,37500000000,0,37500000000
1260818,165547,"3429      ",ATM50K,"Z14J      ",27505,0000000000000000000,14035000000,0,14035000000,10000000000,0,10000000000
1260818,122040,"ZZQI      ",CRM,"W41I      ",16034,0000000000000000000,1885000000,10100000000,11985000000,5000000000,10000000000,15000000000
1260818,100801,"6213      ",ATM100K,"Z1VP      ",47007,0000000800164118500,0,24100000000,24100000000,0,50000000000,50000000000
1260818,94204,"8019      ",ATM50K,"Z2GG      ",31006,0000000000000000000,10980000000,0,10980000000,10000000000,0,10000000000
1260818,204919,"B667      ",ATM100K,"Z8ZQ      ",47007,0000000800178541700,0,90000000,90000000,0,38000000000,38000000000
1260818,115748,"3517      ",ATM50K,"Z16S      ",47007,0000000800034806800,8525000000,0,8525000000,26000000000,0,26000000000
1260818,121346,"4507      ",ATM50K,"Z37A      ",47007,0000000800164118500,33700000000,0,33700000000,30000000000,0,30000000000
1260819,224,"4778      ",ATM50K,"Z3E6      ",47007,0000000800184943800,0,0,0,20000000000,0,20000000000
1260818,210330,"4963      ",ATM100K,"Z3IU      ",47007,0000000800178541700,0,140000000,140000000,0,38000000000,38000000000
1260818,143402,"4089      ",ATM50K,"Z1LM      ",47007,0000000800164118500,9650000000,0,9650000000,30000000000,0,30000000000
1260818,161727,"H092      ",CRM,"W51Y      ",37003,0000000000000000000,4240000000,16160000000,20400000000,5000000000,20000000000,25000000000
1260818,132133,"4397      ",ATM50K,"Z34J      ",47007,0000000800184550900,7450000000,0,7450000000,20000000000,0,20000000000
1260818,92754,"B702      ",ATM50K,"Z9BA      ",47007,0000000800178538600,1320000000,0,1320000000,7000000000,0,7000000000
1260818,140045,"8091      ",ATM50K,"Z2IB      ",24011,0000000000000000000,3395000000,0,3395000000,20000000000,0,20000000000
1260818,120847,"4681      ",ATM50K,"Z3BQ      ",47007,0000000800184550900,7355000000,0,7355000000,20000000000,0,20000000000
1260818,120255,"A987      ",ATM50K,"Z7GF      ",12009,0000000000000000000,8365000000,0,8365000000,10000000000,0,10000000000
1260818,80024,"8153      ",ATM100K,"Z2JT      ",43501,0000000000000000000,0,9810000000,9810000000,0,10000000000,10000000000
1260818,101411,"A932      ",ATM50K,"Z7EA      ",24059,0000000000000000000,0,0,0,0,0,2000000000
1260818,101149,"1910      ",ATM50K,"Z0MM      ",34000,0000000000000000000,8240000000,0,8240000000,10000000000,0,10000000000
1260818,104556,"ZZSO      ",CRM,"W43O      ",39066,0000000000000000000,5150000000,10430000000,15580000000,5000000000,10000000000,15000000000
1260818,101237,"3452      ",ATM50K,"Z153      ",47007,0000000800034860600,23980000000,0,23980000000,40000000000,0,40000000000
1260818,94605,"6245      ",ATM50K,"Z1WH      ",47007,0000000800184550900,1340000000,0,1340000000,30000000000,0,30000000000
1260818,82421,"H075      ",CRM,"W51G      ",30000,0000000000000000000,30390000000,45770000000,76160000000,1000000000,2000000000,3000000000
1260819,2407,"ZZXZ      ",CRM,"W48Z      ",47007,0000000800164118500,14455000000,27920000000,42375000000,19500000000,28000000000,47500000000
1260818,102936,"ZZPW      ",CRM,"W40W      ",16,0000000000000000000,4440000000,10690000000,15130000000,5000000000,10000000000,15000000000
1260818,142818,"9710      ",ATM50K,"Z2WR      ",31013,0000000000000000000,11870000000,0,11870000000,15000000000,0,15000000000
1260818,121013,"ZZDG      ",CRM,"W26G      ",24030,0000000000000000000,2595000000,9050000000,11645000000,10000000000,10000000000,20000000000
1260818,81959,"ZZAZ      ",CRM,"W1AZ      ",34057,0000000000000000000,7005000000,22610000000,29615000000,5000000000,10000000000,15000000000
1260818,173523,"B523      ",ATM50K,"Z8AF      ",47007,0000000800164118500,2990000000,0,2990000000,32500000000,0,32500000000
1260818,65635,"ZZCF      ",CRM,"W25F      ",47007,0000000800164118500,10310000000,13630000000,23940000000,14000000000,14000000000,28000000000
1260818,170953,"2240      ",ATM100K,"Z0Q4      ",27505,0000000000000000000,0,25310000000,25310000000,0,20000000000,20000000000
1260818,105931,"4837      ",ATM50K,"Z3FP      ",47007,0000000800164118500,21870000000,0,21870000000,30000000000,0,30000000000
1260818,92655,"B656      ",ATM100K,"Z8FF      ",20042,0000000000000000000,0,26260000000,26260000000,0,20000000000,20000000000
1260818,120953,"3775      ",ATM50K,"Z1DK      ",24033,0000000000000000000,7695000000,0,7695000000,10000000000,0,10000000000
1260818,112405,"B051      ",ATM50K,"Z7IQ      ",47007,0000000800034806800,9470000000,0,9470000000,38000000000,0,38000000000
1260818,152955,"ZZKR      ",CRM,"W35R      ",39011,0000000000000000000,1000000000,3720000000,4720000000,2000000000,4000000000,6000000000
1260818,73955,"A741      ",ATM100K,"Z6VT      ",31012,0000000000000000000,0,25980000000,25980000000,0,20000000000,20000000000
1260818,74904,"6407      ",ATM50K,"Z20K      ",47007,0000000800164118500,13500000000,0,13500000000,30000000000,0,30000000000
1260818,163441,"ZZLB      ",CRM,"W36B      ",34019,0000000000000000000,5000000000,16670000000,21670000000,2000000000,2000000000,4000000000
1260818,92430,"H215      ",CRM,"W57S      ",34081,0000000000000000000,4130000000,22290000000,26420000000,2500000000,5000000000,7500000000
1260818,153158,"ZZB4      ",CRM,"W20B      ",39041,0000000000000000000,890000000,4070000000,4960000000,1000000000,2000000000,3000000000
1260818,90705,"ZZQA      ",CRM,"W41A      ",23041,0000000000000000000,3805000000,4770000000,8575000000,5000000000,10000000000,15000000000
1260818,143125,"B526      ",ATM50K,"Z8AI      ",47007,0000000800164118500,6610000000,0,6610000000,30000000000,0,30000000000
1260818,100038,"ZZEB      ",CRM,"W27B      ",34000,0000000000000000000,7800000000,15420000000,23220000000,5000000000,5000000000,10000000000
1260818,121936,"ZZSP      ",CRM,"W43P      ",39013,0000000000000000000,3510000000,9770000000,13280000000,3000000000,7000000000,10000000000
1260818,112226,"ZZAJ      ",CRM,"W1AJ      ",29029,0000000000000000000,8440000000,8900000000,17340000000,10000000000,10000000000,20000000000
1260818,111301,"H133      ",CRM,"W54O      ",24026,0000000000000000000,3500000000,1500000000,5000000000,10000000000,20000000000,30000000000
1260818,151108,"ZZFH      ",CRM,"W29H      ",39051,0000000000000000000,12930000000,31290000000,44220000000,2000000000,4000000000,6000000000
1260818,220020,"6409      ",ATM50K,"Z4AB      ",47007,0000000800164118500,5695000000,0,5695000000,30000000000,0,30000000000
1260819,3218,"ZZ5L      ",CRM,"W11L      ",47007,0000000800034997200,635000000,23690000000,24325000000,3000000000,33600000000,36600000000
1260818,221305,"1673      ",ATM50K,"Z0HC      ",47007,0000000800034997200,5855000000,0,5855000000,22800000000,0,22800000000
1260818,150802,"1904      ",ATM50K,"Z0MG      ",47007,0000000800164118500,6700000000,0,6700000000,33500000000,0,33500000000
1260818,72519,"ZZGZ      ",CRM,"W28Z      ",31013,0000000000000000000,12225000000,20080000000,32305000000,3000000000,6000000000,9000000000
1260818,61735,"H378      ",CRM,"W63Z      ",43506,0000000000000000000,0,0,0,0,0,0
1260818,94340,"8175      ",ATM100K,"Z2KD      ",43505,0000000000000000000,0,12290000000,12290000000,0,20000000000,20000000000
1260818,114227,"ZZNZ      ",CRM,"W38Z      ",4021,0000000000000000000,1730000000,4300000000,6030000000,2000000000,4000000000,6000000000
1260818,161803,"6763      ",ATM50K,"Z29T      ",47007,0000000800164118500,10570000000,0,10570000000,36500000000,0,36500000000
1260818,113349,"4900      ",ATM100K,"Z1NU      ",34070,0000000000000000000,0,24920000000,24920000000,0,20000000000,20000000000
1260818,90456,"B659      ",ATM100K,"Z8FI      ",27528,0000000000000000000,0,20230000000,20230000000,0,30000000000,30000000000
1260818,95806,"H374      ",CRM,"W63V      ",39000,0000000000000000000,3360000000,13880000000,17240000000,5000000000,15000000000,20000000000
1260818,111235,"3397      ",ATM100K,"Z13N      ",47007,0000000800184943800,0,5810000000,5810000000,0,20000000000,20000000000
1260818,95217,"ZZHP      ",CRM,"W30P      ",45502,0000000000000000000,7140000000,51760000000,58900000000,2000000000,4000000000,6000000000
1260819,1910,"B612      ",ATM50K,"Z8DN      ",47007,0000000800178541700,3640000000,0,3640000000,27000000000,0,27000000000
1260818,220055,"6525      ",ATM50K,"Z4AX      ",47007,0000000800035018400,9750000000,0,9750000000,40000000000,0,40000000000
1260818,122950,"2780      ",ATM100K,"Z0SM      ",23037,0000000000000000000,0,12130000000,12130000000,0,10000000000,10000000000
1260818,150159,"8060      ",ATM50K,"Z2HJ      ",29011,0000000000000000000,8095000000,0,8095000000,10000000000,0,10000000000
1260818,135108,"ZZNO      ",CRM,"W38O      ",47007,0000000800164118500,3965000000,27070000000,31035000000,5500000000,28000000000,33500000000
1260818,81221,"ZZQG      ",CRM,"W41G      ",24035,0000000000000000000,1030000000,12780000000,13810000000,5000000000,10000000000,15000000000
1260818,143450,"1980      ",ATM50K,"Z0O4      ",32000,0000000000000000000,9685000000,0,9685000000,10000000000,0,10000000000
1260818,110853,"9314      ",ATM100K,"Z2UL      ",24026,0000000000000000000,0,19230000000,19230000000,0,80000000000,80000000000
1260818,224518,"B570      ",ATM50K,"Z8BY      ",47007,0000000800184943800,3435000000,0,3435000000,20000000000,0,20000000000
1260818,125531,"1958      ",ATM50K,"Z0NK      ",47007,0000000800164118500,29645000000,0,29645000000,33000000000,0,33000000000
1260818,122315,"A968      ",ATM100K,"Z7FM      ",20029,0000000000000000000,0,13820000000,13820000000,0,20000000000,20000000000
1260818,181247,"1583      ",ATM50K,"Z0EX      ",47007,0000000800034805600,1180000000,0,1180000000,20000000000,0,20000000000
1260818,75931,"3647      ",ATM50K,"Z1A2      ",24015,0000000000000000000,9635000000,0,9635000000,10000000000,0,10000000000
1260818,122157,"6468      ",ATM50K,"Z225      ",47007,0000000800164118500,5790000000,0,5790000000,30000000000,0,30000000000
1260818,133139,"6066      ",ATM50K,"Z47D      ",47007,0000000800164118500,10500000000,0,10500000000,34500000000,0,34500000000
1260818,114617,"B660      ",ATM50K,"Z8FJ      ",27528,0000000000000000000,8285000000,0,8285000000,15000000000,0,15000000000
1260818,174145,"ZZTG      ",CRM,"W44G      ",47007,0000000800164118500,5065000000,5580000000,10645000000,5000000000,5000000000,10000000000
1260818,105909,"B006      ",ATM100K,"Z7GX      ",8026,0000000000000000000,0,19370000000,19370000000,0,10000000000,10000000000
1260818,91913,"3005      ",ATM100K,"Z0TM      ",39066,0000000000000000000,0,46040000000,46040000000,0,20000000000,20000000000
1260818,73158,"3425      ",ATM50K,"Z14F      ",31501,0000000000000000000,9355000000,0,9355000000,10000000000,0,10000000000
1260818,90359,"H350      ",CRM,"W62X      ",27528,0000000000000000000,8445000000,31400000000,39845000000,1000000000,2000000000,3000000000
1260818,92525,"H402      ",CRM,"W64X      ",24017,0000000000000000000,1360000000,4340000000,5700000000,2000000000,4000000000,6000000000
1260818,92839,"6985      ",ATM50K,"Z2FL      ",43500,0000000000000000000,9050000000,0,9050000000,10000000000,0,10000000000
1260818,181607,"ZZSX      ",CRM,"W43X      ",23024,0000000000000000000,0,0,0,0,0,0
1260818,121050,"2315      ",ATM100K,"Z0QI      ",47007,0000000800164118500,0,3290000000,3290000000,0,10000000000,10000000000
1260818,111034,"ZZKX      ",CRM,"W35X      ",34041,0000000000000000000,6255000000,5810000000,12065000000,5000000000,10000000000,15000000000
1260818,92938,"ZZGS      ",CRM,"W28S      ",27000,0000000000000000000,4640000000,17140000000,21780000000,2000000000,4000000000,6000000000
1260818,120626,"A737      ",ATM50K,"Z6VP      ",29004,0000000000000000000,7475000000,0,7475000000,10000000000,0,10000000000
1260818,102750,"ZZEH      ",CRM,"W27H      ",29000,0000000000000000000,5900000000,18940000000,24840000000,2000000000,4000000000,6000000000
1260818,161151,"ZZ8T      ",CRM,"W14T      ",47007,0000000800034862000,6075000000,17900000000,23975000000,10000000000,20000000000,30000000000
1260818,92704,"ZZGC      ",CRM,"W28C      ",34006,0000000000000000000,2640000000,11410000000,14050000000,5000000000,5000000000,10000000000
1260818,121550,"ZZC6      ",CRM,"W22C      ",24033,0000000000000000000,645000000,7490000000,8135000000,2000000000,4000000000,6000000000
1260818,91032,"2250      ",ATM100K,"Z0Q5      ",27512,0000000000000000000,0,23100000000,23100000000,0,20000000000,20000000000
1260818,174555,"ZZE9      ",CRM,"W24E      ",47007,0000000800034858700,2790000000,2710000000,5500000000,5000000000,10000000000,15000000000
1260818,94428,"ZZNW      ",CRM,"W38W      ",13,0000000000000000000,4060000000,8320000000,12380000000,5000000000,10000000000,15000000000
1260818,105417,"ZZIB      ",CRM,"W31B      ",24049,0000000000000000000,9565000000,31580000000,41145000000,2000000000,4000000000,6000000000
1260818,100723,"2055      ",ATM100K,"Z0PB      ",23020,0000000000000000000,0,22780000000,22780000000,0,20000000000,20000000000
1260818,100343,"1220      ",ATM100K,"Z05S      ",39034,0000000000000000000,0,8700000000,8700000000,0,20000000000,20000000000
1260818,152105,"ZZKG      ",CRM,"W35G      ",47007,0000000800034805600,7445000000,28010000000,35455000000,9500000000,28000000000,37500000000
1260818,190040,"ZZI2      ",CRM,"W18I      ",47007,0000000800034806800,4735000000,3600000000,8335000000,13000000000,14000000000,27000000000
1260818,164549,"1589      ",ATM50K,"Z0F3      ",27500,0000000000000000000,16275000000,0,16275000000,20000000000,0,20000000000
1260818,94250,"ZZF7      ",CRM,"W23F      ",27527,0000000000000000000,12760000000,47570000000,60330000000,2000000000,4000000000,6000000000
1260818,164428,"H152      ",CRM,"W55H      ",36,0000000000000000000,5030000000,13940000000,18970000000,10000000000,20000000000,30000000000
1260818,104513,"ZZFW      ",CRM,"W27W      ",34047,0000000000000000000,8320000000,26550000000,34870000000,5000000000,10000000000,15000000000
1260818,131435,"H378      ",CRM,"W63Z      ",43506,0000000000000000000,1995000000,4000000000,5995000000,2000000000,4000000000,6000000000
1260818,122701,"H310      ",CRM,"W61J      ",47007,0000000800034997200,1850000000,1480000000,3330000000,20000000000,10000000000,30000000000
1260818,115002,"H361      ",CRM,"W63I      ",29019,0000000000000000000,5255000000,9860000000,15115000000,5000000000,20000000000,25000000000
1260818,91341,"A265      ",ATM100K,"Z4JN      ",47007,0000000800166213800,0,11250000000,11250000000,0,40000000000,40000000000
1260818,164423,"H393      ",CRM,"W64O      ",39085,0000000000000000000,380000000,3150000000,3530000000,1000000000,4000000000,5000000000
1260818,160446,"1575      ",ATM100K,"Z0ER      ",29017,0000000000000000000,0,20750000000,20750000000,0,20000000000,20000000000
1260818,142707,"6963      ",ATM100K,"Z2F3      ",24022,0000000000000000000,0,23300000000,23300000000,0,20000000000,20000000000
1260818,101221,"2600      ",ATM50K,"Z0RU      ",39031,0000000000000000000,12920000000,0,12920000000,10000000000,0,10000000000
1260818,93007,"ZZRR      ",CRM,"W42R      ",24017,0000000000000000000,2630000000,5910000000,8540000000,2000000000,4000000000,6000000000
1260818,113357,"ZZQH      ",CRM,"W41H      ",24032,0000000000000000000,2700000000,6740000000,9440000000,10000000000,3000000000,13000000000
1260818,104542,"ZZIH      ",CRM,"W32H      ",40,0000000000000000000,1090000000,8190000000,9280000000,2000000000,8000000000,10000000000
1260818,154255,"2670      ",ATM50K,"Z0S6      ",29014,0000000000000000000,14315000000,0,14315000000,20000000000,0,20000000000
1260818,150648,"4233      ",ATM50K,"Z30E      ",47007,0000000800164118500,25340000000,0,25340000000,30000000000,0,30000000000
1260818,150122,"A926      ",ATM50K,"Z7EF      ",29036,0000000000000000000,6000000000,0,6000000000,0,0,0
1260818,123607,"A970      ",ATM50K,"Z7FO      ",20029,0000000000000000000,11615000000,0,11615000000,15000000000,0,15000000000
1260818,153516,"ZZKS      ",CRM,"W35S      ",30500,0000000000000000000,14545000000,57060000000,71605000000,1000000000,2000000000,3000000000
1260818,152440,"ZZL5      ",CRM,"W21L      ",20022,0000000000000000000,785000000,820000000,1605000000,1000000000,2000000000,3000000000
1260818,194707,"1935      ",ATM100K,"Z0N6      ",47007,0000000800178541700,0,20000000,20000000,0,30000000000,30000000000
1260818,114655,"A826      ",ATM50K,"Z6YZ      ",20041,0000000000000000000,5820000000,0,5820000000,8000000000,0,8000000000
1260818,84917,"8571      ",ATM100K,"Z2R4      ",37007,0000000000000000000,0,23920000000,23920000000,0,30000000000,30000000000
1260818,111605,"A736      ",ATM50K,"Z6VO      ",27004,0000000000000000000,5880000000,0,5880000000,10000000000,0,10000000000
1260818,101112,"6547      ",ATM100K,"Z249      ",20038,0000000000000000000,0,20120000000,20120000000,0,10000000000,10000000000
1260818,91646,"ZZRC      ",CRM,"W42C      ",29021,0000000000000000000,6170000000,18880000000,25050000000,2000000000,2000000000,4000000000
1260818,193355,"4795      ",ATM50K,"Z3EL      ",47007,0000000800034806800,19260000000,0,19260000000,40000000000,0,40000000000
1260818,120647,"8568      ",ATM100K,"Z2R1      ",24030,0000000000000000000,0,390000000,390000000,0,20000000000,20000000000
1260818,95320,"H093      ",CRM,"W51Z      ",12007,0000000000000000000,4140000000,7540000000,11680000000,5000000000,10000000000,15000000000
1260818,85001,"ZZKU      ",CRM,"W35U      ",8037,0000000000000000000,1880000000,11720000000,13600000000,2000000000,4000000000,6000000000
1260818,132500,"B561      ",ATM50K,"Z8BP      ",47007,0000000800164118500,22215000000,0,22215000000,37500000000,0,0
1260818,102640,"1090      ",ATM50K,"Z02C      ",34041,0000000000000000000,15120000000,0,15120000000,10000000000,0,10000000000
1260818,102301,"1031      ",ATM50K,"Z00S      ",47007,0000000800164118500,6240000000,0,6240000000,30000000000,0,30000000000
1260818,215719,"H122      ",CRM,"W53D      ",47007,0000000800164118500,810000000,22690000000,23500000000,13500000000,28000000000,41500000000
1260818,94504,"ZZOU      ",CRM,"W39U      ",4004,0000000000000000000,3330000000,770000000,4100000000,5000000000,5000000000,10000000000
1260818,90622,"ZZT6      ",CRM,"W22T      ",24038,0000000000000000000,10615000000,24170000000,34785000000,2000000000,4000000000,6000000000
1260818,142940,"1595      ",ATM100K,"Z0F8      ",32000,0000000000000000000,0,16560000000,16560000000,0,20000000000,20000000000
1260818,95815,"8176      ",ATM100K,"Z2KE      ",43505,0000000000000000000,0,5340000000,5340000000,0,10000000000,10000000000
1260818,215649,"H167      ",CRM,"W55W      ",47007,0000000800164118500,610000000,1050000000,1660000000,10000000000,15000000000,25000000000
1260818,90630,"H369      ",CRM,"W63Q      ",14,0000000000000000000,2805000000,19970000000,22775000000,5000000000,10000000000,15000000000
1260818,104734,"1210      ",ATM100K,"Z05I      ",16013,0000000000000000000,0,32550000000,32550000000,0,20000000000,20000000000
1260818,100750,"8681      ",ATM100K,"Z2S2      ",43501,0000000000000000000,0,6580000000,6580000000,0,10000000000,10000000000
1260818,111652,"ZZFX      ",CRM,"W27X      ",27514,0000000000000000000,2955000000,15110000000,18065000000,2000000000,4000000000,6000000000
1260818,101809,"B644      ",ATM50K,"Z8ET      ",59,0000000000000000000,4395000000,0,4395000000,7500000000,0,7500000000
1260818,95703,"ZZRB      ",CRM,"W42B      ",34061,0000000000000000000,7060000000,11970000000,19030000000,10000000000,20000000000,30000000000
1260818,180315,"ZZRD      ",CRM,"W42D      ",29020,0000000000000000000,2175000000,5210000000,7385000000,7000000000,3000000000,10000000000
1260818,95345,"ZZZ6      ",CRM,"W22Z      ",27500,0000000000000000000,4715000000,76830000000,81545000000,2000000000,4000000000,6000000000
1260818,101117,"2620      ",ATM50K,"Z0RY      ",23020,0000000000000000000,9050000000,0,9050000000,10000000000,0,10000000000
1260818,91920,"2685      ",ATM100K,"Z0S8      ",29021,0000000000000000000,0,18210000000,18210000000,0,20000000000,20000000000
1260818,145531,"ZZB7      ",CRM,"W23B      ",34030,0000000000000000000,4280000000,10880000000,15160000000,5000000000,5000000000,10000000000
1260818,93900,"1780      ",ATM50K,"Z0J4      ",24014,0000000000000000000,7855000000,0,7855000000,10000000000,0,10000000000
1260818,143909,"ZZHF      ",CRM,"W30F      ",37009,0000000000000000000,7620000000,57870000000,65490000000,5000000000,10000000000,15000000000
1260818,165743,"6628      ",ATM50K,"Z26C      ",47007,0000000800181276100,6400000000,0,6400000000,23000000000,0,23000000000
1260818,101950,"4030      ",ATM50K,"Z1K6      ",34023,0000000000000000000,6110000000,0,6110000000,10000000000,0,10000000000
1260818,222334,"5623      ",ATM50K,"Z3XD      ",47007,0000000800164118500,6465000000,0,6465000000,16000000000,0,16000000000
1260818,105850,"H331      ",CRM,"W62E      ",31504,0000000000000000000,8595000000,27030000000,35625000000,2000000000,4000000000,6000000000
1260818,125149,"2017      ",ATM50K,"Z4BN      ",47007,0000000800164118500,9370000000,0,9370000000,36000000000,0,36000000000
1260818,100654,"ZZOW      ",CRM,"W39W      ",34026,0000000000000000000,3635000000,11440000000,15075000000,5000000000,10000000000,15000000000
1260818,83738,"ZZKZ      ",CRM,"W35Z      ",39050,0000000000000000000,3390000000,22280000000,25670000000,5000000000,10000000000,15000000000
1260818,143903,"8145      ",ATM100K,"Z2JL      ",24045,0000000000000000000,0,13630000000,13630000000,0,20000000000,20000000000
1260818,101531,"B019      ",ATM100K,"Z7HK      ",4020,0000000000000000000,0,15620000000,15620000000,0,20000000000,20000000000
1260818,123831,"1550      ",ATM100K,"Z0E5      ",23037,0000000000000000000,0,9770000000,9770000000,0,10000000000,10000000000
1260818,211653,"ZZUT      ",CRM,"W45T      ",47007,0000000800035018400,800000000,1500000000,2300000000,3000000000,6000000000,9000000000
1260818,154734,"ZZIG      ",CRM,"W32G      ",4016,0000000000000000000,1495000000,8240000000,9735000000,2000000000,4000000000,6000000000
1260818,95747,"ZZTC      ",CRM,"W44C      ",43501,0000000000000000000,1720000000,8910000000,10630000000,5000000000,10000000000,15000000000
1260818,83934,"A024      ",ATM50K,"Z4CX      ",47007,0000000800164118500,14210000000,0,14210000000,30000000000,0,30000000000
1260818,145455,"ZZN8      ",CRM,"W23N      ",47007,0000000800184943800,1670000000,19390000000,21060000000,5000000000,10000000000,15000000000
1260818,112723,"ZZHH      ",CRM,"W30H      ",34070,0000000000000000000,8040000000,19090000000,27130000000,10000000000,5000000000,15000000000
1260818,110149,"5431      ",ATM50K,"Z3SE      ",47007,0000000800181276100,4755000000,0,4755000000,24000000000,0,24000000000
1260818,91832,"5034      ",ATM50K,"Z3KN      ",27000,0000000000000000000,7595000000,0,7595000000,8000000000,0,8000000000
1260818,101104,"H166      ",CRM,"W55V      ",47007,0000000800181276100,2495000000,6990000000,9485000000,9000000000,12000000000,21000000000
1260818,151331,"1983      ",ATM50K,"Z0O7      ",39087,0000000000000000000,1095000000,0,1095000000,0,0,0
1260818,113749,"A977      ",ATM100K,"Z7FV      ",20028,0000000000000000000,0,26350000000,26350000000,0,40000000000,40000000000
1260818,152846,"ZZM3      ",CRM,"W19M      ",23030,0000000000000000000,925000000,3790000000,4715000000,5000000000,0,5000000000
1260818,140700,"1012      ",ATM50K,"Z00A      ",47007,0000000800164118500,15535000000,0,15535000000,32000000000,0,32000000000
1260818,83207,"8573      ",ATM100K,"Z2R6      ",43501,0000000000000000000,0,12110000000,12110000000,0,10000000000,10000000000
1260818,105801,"ZZ6V      ",CRM,"W12V      ",47007,0000000800151986200,18205000000,3630000000,21835000000,20000000000,20000000000,40000000000
1260818,72241,"8218      ",ATM50K,"Z2LH      ",43505,0000000000000000000,14600000000,0,14600000000,15000000000,0,15000000000
1260818,125954,"ZZ19      ",CRM,"W00M      ",47007,0000000800164118500,3300000000,31400000000,34700000000,6000000000,28000000000,34000000000
1260818,143512,"ZZQ4      ",CRM,"W20Q      ",24045,0000000000000000000,7455000000,27740000000,35195000000,2000000000,4000000000,6000000000
1260818,94312,"ZZHE      ",CRM,"W30E      ",39000,0000000000000000000,3745000000,15010000000,18755000000,5000000000,15000000000,20000000000
1260818,144831,"H341      ",CRM,"W62O      ",32015,0000000000000000000,6810000000,12820000000,19630000000,2000000000,4000000000,6000000000
1260818,140040,"A924      ",ATM50K,"Z7DT      ",31503,0000000000000000000,5000000000,0,5000000000,0,0,0
1260818,111128,"A105      ",ATM50K,"Z4F6      ",47007,0000000800164118500,26295000000,0,26295000000,30000000000,0,30000000000
1260818,103025,"ZZ6M      ",CRM,"W12M      ",47007,0000000800184550900,10665000000,29200000000,39865000000,5000000000,10000000000,15000000000
1260818,113930,"3108      ",ATM50K,"Z0W9      ",47007,0000000800187658100,7035000000,0,7035000000,20000000000,0,20000000000
1260818,104234,"8132      ",ATM100K,"Z2JB      ",39013,0000000000000000000,0,13950000000,13950000000,0,20000000000,20000000000
1260818,83412,"4110      ",ATM50K,"Z1LV      ",4000,0000000000000000000,8970000000,0,8970000000,10000000000,0,10000000000
1260818,205736,"4789      ",ATM50K,"Z3EG      ",47007,0000000800034806800,33400000000,0,33400000000,37000000000,0,37000000000
1260818,165210,"8177      ",ATM100K,"Z2KF      ",23013,0000000000000000000,0,7780000000,7780000000,0,10000000000,10000000000
1260818,92420,"A479      ",ATM100K,"Z6N1      ",43505,0000000000000000000,0,560000000,560000000,0,20000000000,20000000000
1260818,82023,"ZZEC      ",CRM,"W27C      ",43500,0000000000000000000,6790000000,51100000000,57890000000,5000000000,10000000000,15000000000
1260818,172644,"5081      ",ATM50K,"Z3LS      ",4009,0000000000000000000,6780000000,0,6780000000,10000000000,0,10000000000
1260818,165205,"2270      ",ATM100K,"Z0Q9      ",27500,0000000000000000000,0,13930000000,13930000000,0,20000000000,20000000000
1260818,100726,"H388      ",CRM,"W64J      ",12016,0000000000000000000,2920000000,25000000000,27920000000,10000000000,20000000000,30000000000
1260818,92144,"ZZE4      ",CRM,"W20E      ",39061,0000000000000000000,7740000000,17280000000,25020000000,4000000000,6000000000,10000000000
1260818,73210,"H130      ",CRM,"W53L      ",44010,0000000000000000000,2855000000,8150000000,11005000000,1000000000,1000000000,2000000000
1260818,93504,"ZZYU      ",CRM,"W49U      ",47007,0000000800164118500,6040000000,3590000000,9630000000,10000000000,10000000000,20000000000
1260818,101658,"1775      ",ATM100K,"Z0IZ      ",23030,0000000000000000000,0,18040000000,18040000000,0,20000000000,20000000000
1260818,225717,"3853      ",ATM50K,"Z1FP      ",47007,0000000800164118500,21285000000,0,21285000000,32000000000,0,32000000000
1260818,161601,"ZZX3      ",CRM,"W19X      ",29012,0000000000000000000,5280000000,29020000000,34300000000,5000000000,20000000000,25000000000
1260818,131947,"ZZU3      ",CRM,"W19U      ",27518,0000000000000000000,1940000000,10840000000,12780000000,5000000000,10000000000,15000000000
1260818,125121,"6050      ",ATM50K,"Z1RN      ",40,0000000000000000000,8570000000,0,8570000000,10000000000,0,10000000000
1260818,154631,"B653      ",ATM50K,"Z8FC      ",24051,0000000000000000000,5695000000,0,5695000000,10000000000,0,10000000000
1260818,130235,"4661      ",ATM100K,"Z3B8      ",47007,0000000800164118500,0,9210000000,9210000000,0,33000000000,33000000000
1260818,111225,"1269      ",ATM50K,"Z071      ",47007,0000000800034806800,14460000000,0,14460000000,31500000000,0,31500000000
1260818,112903,"ZZSC      ",CRM,"W43C      ",39004,0000000000000000000,2070000000,9490000000,11560000000,3000000000,8000000000,11000000000
1260818,203553,"8095      ",ATM100K,"Z2IF      ",47007,0000000800034806800,0,55040000000,55040000000,0,37000000000,37000000000
1260818,160949,"H224      ",CRM,"W58B      ",29037,0000000000000000000,3350000000,40460000000,43810000000,5000000000,15000000000,20000000000
1260818,150422,"ZZEX      ",CRM,"W29X      ",34011,0000000000000000000,13030000000,38010000000,51040000000,2000000000,4000000000,6000000000
1260818,162408,"H222      ",CRM,"W57Z      ",27008,0000000000000000000,1585000000,7330000000,8915000000,4000000000,8000000000,12000000000
1260818,125331,"1051      ",ATM50K,"Z01B      ",47007,0000000800164118500,12280000000,0,12280000000,30000000000,0,30000000000
1260818,111800,"3393      ",ATM100K,"Z13J      ",24050,0000000000000000000,0,7730000000,7730000000,0,20000000000,20000000000
1260818,105555,"ZZQ3      ",CRM,"W19Q      ",27512,0000000000000000000,1490000000,32950000000,34440000000,5000000000,5000000000,10000000000
1260818,144926,"4410      ",ATM50K,"Z1MN      ",7,0000000000000000000,8550000000,0,8550000000,0,0,10000000000
1260818,123505,"H342      ",CRM,"W62P      ",32015,0000000000000000000,4420000000,16170000000,20590000000,2000000000,4000000000,6000000000
1260818,170949,"ZZOB      ",CRM,"W39B      ",8005,0000000000000000000,4755000000,6220000000,10975000000,5000000000,5000000000,10000000000
1260818,93557,"1370      ",ATM100K,"Z09I      ",4004,0000000000000000000,0,16070000000,16070000000,0,10000000000,10000000000
1260818,151751,"ZZG5      ",CRM,"W21G      ",47007,0000000800178531200,6820000000,36750000000,43570000000,11000000000,7000000000,18000000000
1260818,103540,"ZZRY      ",CRM,"W42Y      ",39034,0000000000000000000,16480000000,55020000000,71500000000,2000000000,4000000000,6000000000
1260818,91018,"ZZGO      ",CRM,"W28O      ",44000,0000000000000000000,9825000000,44010000000,53835000000,5000000000,10000000000,15000000000
1260818,85358,"ZZN4      ",CRM,"W20N      ",24050,0000000000000000000,1215000000,10980000000,12195000000,4000000000,6000000000,10000000000
1260818,122520,"4199      ",ATM50K,"Z2ZK      ",47007,0000000800035018400,11965000000,0,11965000000,30000000000,0,30000000000
1260818,212529,"ZZ62      ",CRM,"W01U      ",47007,0000000800164118500,7550000000,1130000000,8680000000,14000000000,11000000000,25000000000
1260818,100846,"H338      ",CRM,"W62L      ",59,0000000000000000000,1070000000,7920000000,8990000000,1000000000,4000000000,5000000000
1260818,100510,"6544      ",ATM50K,"Z246      ",20038,0000000000000000000,14355000000,0,14355000000,10000000000,0,10000000000
1260818,100847,"H359      ",CRM,"W63G      ",34073,0000000000000000000,7925000000,29220000000,37145000000,5000000000,10000000000,15000000000
1260818,55645,"1935      ",ATM100K,"Z0N6      ",47007,0000000800178541700,0,1260000000,1260000000,0,30000000000,7000000000
1260818,153348,"ZZM3      ",CRM,"W19M      ",23030,0000000000000000000,0,0,0,0,0,0
1260818,112318,"ZZBX      ",CRM,"W1XX      ",16004,0000000000000000000,2735000000,8330000000,11065000000,5000000000,10000000000,15000000000
1260818,151250,"3592      ",ATM100K,"Z18L      ",34031,0000000000000000000,0,24260000000,24260000000,0,10000000000,10000000000
1260818,83232,"A291      ",ATM100K,"Z4KD      ",39026,0000000000000000000,0,16530000000,16530000000,0,20000000000,20000000000
1260818,84405,"ZZMM      ",CRM,"W37M      ",37004,0000000000000000000,5475000000,19210000000,24685000000,5000000000,10000000000,15000000000
1260818,80516,"ZZDF      ",CRM,"W26F      ",24015,0000000000000000000,1290000000,8960000000,10250000000,0,2000000000,2000000000
1260818,95030,"ZZPJ      ",CRM,"W40J      ",37000,0000000000000000000,1220000000,22040000000,23260000000,5000000000,10000000000,15000000000
1260818,92102,"ZZSQ      ",CRM,"W43Q      ",39072,0000000000000000000,10125000000,14830000000,24955000000,10000000000,10000000000,20000000000
1260818,172508,"1080      ",ATM100K,"Z023      ",4009,0000000000000000000,0,31260000000,31260000000,0,25000000000,25000000000
1260818,153207,"ZZHD      ",CRM,"W30D      ",27519,0000000000000000000,16730000000,32100000000,48830000000,2000000000,4000000000,6000000000
1260818,175113,"A002      ",ATM100K,"Z4CB      ",47007,0000000800178541700,0,3160000000,3160000000,0,30000000000,30000000000
1260818,143507,"6414      ",ATM50K,"Z20Q      ",47007,0000000800164118500,5215000000,0,5215000000,30000000000,0,30000000000
1260818,172405,"ZZGW      ",CRM,"W30W      ",34070,0000000000000000000,13385000000,37630000000,51015000000,2000000000,4000000000,6000000000
1260818,153343,"ZZSL      ",CRM,"W43L      ",29027,0000000000000000000,1690000000,1590000000,3280000000,3000000000,7000000000,10000000000
1260818,122950,"ZZJG      ",CRM,"W33G      ",47007,0000000800164118500,13475000000,12210000000,25685000000,14000000000,11000000000,25000000000
1260818,183820,"6133      ",ATM50K,"Z47V      ",47007,0000000800184943800,3990000000,0,3990000000,20000000000,0,0
1260818,91839,"ZZRX      ",CRM,"W42X      ",34081,0000000000000000000,1840000000,4300000000,6140000000,2500000000,5000000000,7500000000
1260818,170315,"ZZ0V      ",CRM,"W03V      ",47007,0000000800164118500,0,0,0,0,0,0
1260818,92743,"ZZKV      ",CRM,"W35V      ",8027,0000000000000000000,1460000000,2430000000,3890000000,2000000000,3000000000,5000000000
1260818,75739,"ZZMK      ",CRM,"W37K      ",30001,0000000000000000000,22855000000,31910000000,54765000000,4000000000,4000000000,8000000000
1260818,141231,"A763      ",ATM50K,"Z6WO      ",47007,0000000800184550900,12435000000,0,12435000000,20000000000,0,20000000000
1260818,140158,"5090      ",ATM50K,"Z1OD      ",47007,0000000800034997200,2705000000,0,2705000000,30000000000,0,30000000000
1260818,124902,"6025      ",ATM100K,"Z1QZ      ",40,0000000000000000000,0,15840000000,15840000000,0,20000000000,20000000000
1260818,202852,"H363      ",CRM,"W63K      ",47007,0000000800178531200,6950000000,11600000000,18550000000,9000000000,12000000000,21000000000
1260818,160347,"ZZLA      ",CRM,"W36A      ",29017,0000000000000000000,6095000000,18250000000,24345000000,2000000000,2000000000,4000000000
1260818,102725,"8003      ",ATM100K,"Z2G2      ",34023,0000000000000000000,0,13110000000,13110000000,0,10000000000,10000000000
1260818,115803,"ZZPU      ",CRM,"W40U      ",12009,0000000000000000000,3345000000,2730000000,6075000000,5000000000,10000000000,15000000000
1260818,153355,"8701      ",ATM50K,"Z2S8      ",31004,0000000000000000000,8080000000,0,8080000000,10000000000,0,10000000000
1260818,100224,"8189      ",ATM100K,"Z2KQ      ",39016,0000000000000000000,0,7300000000,7300000000,0,10000000000,10000000000
1260818,71347,"3456      ",ATM50K,"Z157      ",31007,0000000000000000000,15305000000,0,15305000000,10000000000,0,10000000000
1260818,144944,"ZZRI      ",CRM,"W42I      ",27508,0000000000000000000,4125000000,1740000000,5865000000,2000000000,4000000000,6000000000
1260818,213506,"5672      ",ATM50K,"Z3YM      ",47007,0000000800164118500,8825000000,0,8825000000,30000000000,0,30000000000
1260818,140631,"ZZGN      ",CRM,"W28N      ",34063,0000000000000000000,7190000000,16450000000,23640000000,2000000000,4000000000,6000000000
1260818,105647,"4253      ",ATM50K,"Z30W      ",47007,0000000800164118500,13330000000,0,13330000000,30000000000,0,30000000000
1260818,93818,"2110      ",ATM100K,"Z0PK      ",8027,0000000000000000000,0,9230000000,9230000000,0,10000000000,10000000000
1260818,175417,"8514      ",ATM100K,"Z2QD      ",29020,0000000000000000000,0,18720000000,18720000000,0,20000000000,20000000000
1260818,120938,"8291      ",ATM100K,"Z2NA      ",23039,0000000000000000000,0,14370000000,14370000000,0,15000000000,15000000000
1260818,111019,"ZZUJ      ",CRM,"W45J      ",47007,0000000800034805600,11765000000,23330000000,35095000000,20000000000,28000000000,48000000000
1260818,154541,"3560      ",ATM50K,"Z17S      ",27520,0000000000000000000,4095000000,0,4095000000,10000000000,0,10000000000
1260818,100632,"8088      ",ATM100K,"Z2I8      ",8014,0000000000000000000,0,18480000000,18480000000,0,20000000000,20000000000
1260818,160610,"1050      ",ATM50K,"Z01A      ",4016,0000000000000000000,5950000000,0,5950000000,10000000000,0,10000000000
1260818,103049,"8086      ",ATM100K,"Z2I6      ",4019,0000000000000000000,0,23750000000,23750000000,0,20000000000,20000000000
1260818,104931,"ZZLI      ",CRM,"W36I      ",28500,0000000000000000000,19350000000,56930000000,76280000000,5000000000,10000000000,15000000000
1260818,103918,"ZZKW      ",CRM,"W35W      ",37000,0000000000000000000,4530000000,18710000000,23240000000,5000000000,10000000000,15000000000
1260818,92830,"ZZRW      ",CRM,"W42W      ",27507,0000000000000000000,2255000000,9600000000,11855000000,2000000000,4000000000,6000000000
1260818,122258,"5799      ",ATM50K,"Z41R      ",47007,0000000800164118500,0,0,0,30000000000,0,30000000000
1260818,84339,"H398      ",CRM,"W64T      ",29030,0000000000000000000,5365000000,40240000000,45605000000,5000000000,15000000000,20000000000
1260818,110928,"ZZAC      ",CRM,"W1AC      ",8014,0000000000000000000,335000000,11550000000,11885000000,2000000000,4000000000,6000000000
1260818,125801,"ZZO2      ",CRM,"W18O      ",47007,0000000800034806800,13075000000,12630000000,25705000000,13000000000,14000000000,27000000000
1260818,221321,"A780      ",ATM50K,"Z6XF      ",47007,0000000800035018400,8750000000,0,8750000000,30000000000,0,30000000000
1260818,101453,"ZZL3      ",CRM,"W19L      ",12016,0000000000000000000,880000000,19320000000,20200000000,10000000000,20000000000,30000000000
1260818,174557,"1659      ",ATM50K,"Z0GY      ",47007,0000000800181276100,4055000000,0,4055000000,27000000000,0,27000000000
1260818,110816,"B029      ",ATM100K,"Z7HU      ",16040,0000000000000000000,0,48550000000,48550000000,0,35000000000,35000000000
1260818,152803,"3780      ",ATM50K,"Z1DP      ",29027,0000000000000000000,2580000000,0,2580000000,10000000000,0,10000000000
1260818,130548,"A237      ",ATM100K,"Z4IV      ",47007,0000000800034997200,0,3110000000,3110000000,0,25200000000,25200000000
1260818,122330,"3192      ",ATM50K,"Z0YD      ",47007,0000000800034806800,16370000000,0,16370000000,40000000000,0,40000000000
1260818,73922,"ZZFE      ",CRM,"W29E      ",31002,0000000000000000000,3505000000,13440000000,16945000000,2000000000,4000000000,6000000000
1260818,60942,"ZZFT      ",CRM,"W29T      ",43505,0000000000000000000,5835000000,47410000000,53245000000,5000000000,5000000000,10000000000
1260818,120435,"5635      ",ATM50K,"Z3XO      ",47007,0000000800164118500,30010000000,0,30010000000,30000000000,0,30000000000
1260818,101939,"4129      ",ATM50K,"Z2X5      ",47007,0000000800164118500,12505000000,0,12505000000,30000000000,0,30000000000
1260818,134110,"2980      ",ATM100K,"Z0TE      ",27523,0000000000000000000,0,9900000000,9900000000,0,15000000000,15000000000
1260818,154745,"ZZLE      ",CRM,"W36E      ",27520,0000000000000000000,4135000000,17760000000,21895000000,2000000000,4000000000,6000000000
1260818,94237,"H372      ",CRM,"W63T      ",4006,0000000000000000000,4990000000,5610000000,10600000000,5000000000,10000000000,15000000000
1260818,190400,"4606      ",ATM50K,"Z39S      ",47007,0000000800181276100,2525000000,0,2525000000,23000000000,0,23000000000
1260818,112249,"8049      ",ATM100K,"Z2H8      ",23039,0000000000000000000,0,16150000000,16150000000,0,10000000000,10000000000
1260818,95924,"H360      ",CRM,"W63H      ",34073,0000000000000000000,8820000000,19450000000,28270000000,5000000000,10000000000,15000000000
1260818,153125,"ZZ0J      ",CRM,"W03J      ",47007,0000000800164118500,0,0,0,0,0,0
1260818,82214,"ZZY3      ",CRM,"W19Y      ",31500,0000000000000000000,14290000000,21040000000,35330000000,3000000000,6000000000,9000000000
1260818,63917,"6079      ",ATM100K,"Z1SF      ",43504,0000000000000000000,0,10960000000,10960000000,0,10000000000,10000000000
1260818,104216,"H245      ",CRM,"W58W      ",47007,0000000800164118500,2900000000,6230000000,9130000000,10000000000,15000000000,25000000000
1260818,114846,"5024      ",ATM50K,"Z3KD      ",47007,0000000800164118500,4455000000,0,4455000000,30000000000,0,30000000000
1260818,103130,"ZZD3      ",CRM,"W19D      ",20024,0000000000000000000,3020000000,27750000000,30770000000,1000000000,2000000000,3000000000
1260818,124019,"A025      ",ATM50K,"Z4CY      ",47007,0000000800164118500,12440000000,0,12440000000,36500000000,0,36500000000
1260818,211642,"A059      ",ATM100K,"Z4DW      ",47007,0000000800034997200,0,5850000000,5850000000,0,27600000000,27600000000
1260818,162827,"6566      ",ATM100K,"Z24S      ",47007,0000000800034804500,0,7900000000,7900000000,0,30000000000,30000000000
1260818,214613,"ZZTG      ",CRM,"W44G      ",47007,0000000800164118500,0,0,0,0,0,0
1260818,105829,"ZZDE      ",CRM,"W26E      ",29035,0000000000000000000,24375000000,64290000000,88665000000,2000000000,4000000000,6000000000
1260818,105118,"ZZIW      ",CRM,"W32W      ",47007,0000000800164118500,3020000000,2590000000,5610000000,3000000000,5000000000,8000000000
1260818,182455,"4767      ",ATM100K,"Z3DW      ",47007,0000000800178541700,0,210000000,210000000,0,53000000000,53000000000
1260818,170957,"3461      ",ATM100K,"Z15B      ",34070,0000000000000000000,0,26450000000,26450000000,0,30000000000,30000000000
1260818,95023,"ZZV3      ",CRM,"W19V      ",27500,0000000000000000000,12745000000,51050000000,63795000000,2000000000,4000000000,6000000000
1260818,112349,"5482      ",ATM50K,"Z3TO      ",47007,0000000800164118500,5075000000,0,5075000000,26500000000,0,26500000000
1260818,93737,"8112      ",ATM100K,"Z2IV      ",27000,0000000000000000000,0,18040000000,18040000000,0,20000000000,20000000000
1260818,75050,"ZZEM      ",CRM,"W27M      ",34027,0000000000000000000,8515000000,31160000000,39675000000,5000000000,10000000000,15000000000
1260818,230711,"B499      ",ATM50K,"Z8AA      ",47007,0000000800035018400,6770000000,0,6770000000,40000000000,0,40000000000
1260818,200609,"4566      ",ATM50K,"Z38Q      ",47007,0000000800164118500,5400000000,0,5400000000,36000000000,0,36000000000
1260818,172344,"ZZQ5      ",CRM,"W21Q      ",4009,0000000000000000000,2930000000,10640000000,13570000000,2000000000,4000000000,6000000000
1260818,153523,"4960      ",ATM50K,"Z1O0      ",39011,0000000000000000000,7750000000,0,7750000000,10000000000,0,10000000000
1260818,103445,"2450      ",ATM100K,"Z0R3      ",39083,0000000000000000000,0,11590000000,11590000000,0,20000000000,20000000000
1260818,154433,"ZZGH      ",CRM,"W28H      ",8016,0000000000000000000,4660000000,7830000000,12490000000,5000000000,5000000000,10000000000
1260818,94326,"8043      ",ATM100K,"Z2H2      ",34035,0000000000000000000,0,12930000000,12930000000,0,20000000000,20000000000
1260818,233120,"4321      ",ATM100K,"Z32L      ",47007,0000000800184943800,0,5840000000,5840000000,0,20000000000,20000000000
1260818,131212,"ZZWJ      ",CRM,"W47J      ",47007,0000000800164118500,11655000000,27550000000,39205000000,14000000000,28000000000,42000000000
1260818,113451,"H086      ",CRM,"W51S      ",47007,0000000800184550900,4990000000,13070000000,18060000000,5000000000,10000000000,15000000000
1260818,121814,"8365      ",ATM50K,"Z2OR      ",47007,0000000800181276100,8085000000,0,8085000000,20000000000,0,20000000000
1260818,170426,"ZZT3      ",CRM,"W19T      ",27505,0000000000000000000,5530000000,24390000000,29920000000,2000000000,4000000000,6000000000
1260819,721,"5825      ",ATM100K,"Z425      ",47007,0000000800034997200,0,19370000000,19370000000,0,40000000000,40000000000
1260818,121208,"ZZGX      ",CRM,"W30X      ",39035,0000000000000000000,3135000000,18900000000,22035000000,5000000000,2000000000,7000000000
1260818,115737,"1983      ",ATM50K,"Z0O7      ",39087,0000000000000000000,0,0,0,0,0,1500000000
1260818,100146,"1967      ",ATM50K,"Z0NS      ",47007,0000000800164118500,26530000000,0,26530000000,30000000000,0,30000000000
1260818,85846,"ZZNT      ",CRM,"W38T      ",14,0000000000000000000,885000000,19340000000,20225000000,5000000000,10000000000,15000000000
1260818,234322,"4812      ",ATM50K,"Z3F1      ",47007,0000000800164118500,3685000000,0,3685000000,20000000000,0,20000000000
1260819,320,"ZZXU      ",CRM,"W48U      ",47007,0000000800164118500,14460000000,26410000000,40870000000,20000000000,28000000000,48000000000
1260818,143417,"3849      ",ATM100K,"Z1FL      ",24022,0000000000000000000,0,32100000000,32100000000,0,20000000000,20000000000
1260818,182324,"ZZ6P      ",CRM,"W12P      ",47007,0000000800034858700,11080000000,48330000000,59410000000,5000000000,10000000000,15000000000
1260818,123322,"ZZIM      ",CRM,"W32M      ",39057,0000000000000000000,10345000000,24360000000,34705000000,4000000000,6000000000,10000000000
1260818,123005,"A969      ",ATM50K,"Z7FN      ",20029,0000000000000000000,9530000000,0,9530000000,15000000000,0,15000000000
1260818,90434,"ZZKY      ",CRM,"W35Y      ",27513,0000000000000000000,1880000000,4890000000,6770000000,2000000000,4000000000,6000000000
1260818,143748,"3253      ",ATM50K,"Z102      ",47007,0000000800164118500,6955000000,0,6955000000,30000000000,0,30000000000
1260818,163919,"ZZAP      ",CRM,"W1AP      ",47007,0000000800164118500,15560000000,30980000000,46540000000,15000000000,15000000000,30000000000
1260818,114924,"ZZAH      ",CRM,"W1AH      ",54,0000000000000000000,1600000000,6980000000,8580000000,2000000000,8000000000,10000000000
1260818,122811,"3701      ",ATM50K,"Z1BK      ",39047,0000000000000000000,12250000000,0,12250000000,10000000000,0,10000000000
1260818,101055,"ZZ93      ",CRM,"W02P      ",47007,0000000800164118500,1555000000,6430000000,7985000000,5000000000,10000000000,15000000000
1260818,73755,"ZZFK      ",CRM,"W29K      ",31012,0000000000000000000,32525000000,53840000000,86365000000,1000000000,2000000000,3000000000
1260818,115148,"8383      ",ATM50K,"Z2P2      ",47007,0000000800034997200,3695000000,0,3695000000,25200000000,0,25200000000
1260818,101322,"1390      ",ATM100K,"Z0A0      ",23030,0000000000000000000,0,20280000000,20280000000,0,20000000000,20000000000
1260818,85859,"8143      ",ATM100K,"Z2JJ      ",39061,0000000000000000000,0,16620000000,16620000000,0,20000000000,20000000000
1260818,204257,"B050      ",ATM50K,"Z7IP      ",47007,0000000800035018400,10515000000,0,10515000000,15000000000,0,15000000000
1260818,112523,"B021      ",ATM50K,"Z7HM      ",44007,0000000000000000000,7670000000,0,7670000000,10000000000,0,10000000000
1260818,161437,"H221      ",CRM,"W57Y      ",27008,0000000000000000000,1740000000,6800000000,8540000000,4000000000,8000000000,12000000000
1260818,100236,"3090      ",ATM50K,"Z0VU      ",20007,0000000000000000000,17515000000,0,17515000000,10000000000,0,10000000000
1260818,94725,"A598      ",ATM50K,"Z6RA      ",47007,0000000800164118500,25040000000,0,25040000000,30000000000,0,30000000000
1260818,95611,"1380      ",ATM100K,"Z09Q      ",8012,0000000000000000000,0,40610000000,40610000000,0,20000000000,20000000000
1260818,130831,"A932      ",ATM50K,"Z7EA      ",24059,0000000000000000000,1775000000,0,1775000000,0,0,0
1260818,115634,"8321      ",ATM100K,"Z2NZ      ",29004,0000000000000000000,0,7430000000,7430000000,0,20000000000,20000000000
1260818,71815,"ZZGG      ",CRM,"W28G      ",31007,0000000000000000000,5525000000,22920000000,28445000000,4000000000,8000000000,12000000000
1260818,110537,"4610      ",ATM100K,"Z1N6      ",34047,0000000000000000000,0,20280000000,20280000000,0,40000000000,40000000000
1260818,165925,"ZZH3      ",CRM,"W19H      ",23013,0000000000000000000,1205000000,23040000000,24245000000,2000000000,4000000000,6000000000
1260818,123110,"H401      ",CRM,"W64W      ",67,0000000000000000000,5600000000,2670000000,8270000000,5000000000,5000000000,10000000000
1260818,93418,"ZZH6      ",CRM,"W22H      ",24014,0000000000000000000,3190000000,54240000000,57430000000,2000000000,4000000000,6000000000
1260818,113711,"B367      ",ATM50K,"Z7MV      ",47007,0000000800166213800,11825000000,0,11825000000,40000000000,0,40000000000
1260818,155900,"6670      ",ATM50K,"Z27F      ",47007,0000000800164118500,5185000000,0,5185000000,30000000000,0,30000000000
1260818,91445,"H110      ",CRM,"W52R      ",23026,0000000000000000000,6785000000,1980000000,8765000000,13000000000,2000000000,15000000000
1260818,142455,"8251      ",ATM50K,"Z2MA      ",43,0000000000000000000,3975000000,0,3975000000,10000000000,0,10000000000
1260818,114442,"1054      ",ATM100K,"Z01E      ",47007,0000000800164118500,0,47870000000,47870000000,0,32000000000,32000000000
1260818,145557,"ZZIS      ",CRM,"W32S      ",7,0000000000000000000,3930000000,3640000000,7570000000,5000000000,5000000000,10000000000
1260818,121550,"H389      ",CRM,"W64K      ",23044,0000000000000000000,2580000000,7270000000,9850000000,4000000000,6000000000,10000000000
1260818,121414,"ZZQ8      ",CRM,"W23Q      ",43,0000000000000000000,4070000000,19980000000,24050000000,2000000000,4000000000,6000000000
1260818,120138,"1206      ",ATM50K,"Z05E      ",29004,0000000000000000000,6850000000,0,6850000000,10000000000,0,10000000000
1260818,182050,"ZZG0      ",CRM,"W16G      ",47007,0000000800164118500,15745000000,28080000000,43825000000,16500000000,28000000000,44500000000
1260818,113756,"3390      ",ATM100K,"Z13H      ",29029,0000000000000000000,0,16660000000,16660000000,0,15000000000,15000000000
1260818,100717,"ZZR3      ",CRM,"W19R      ",27511,0000000000000000000,1420000000,9780000000,11200000000,2000000000,4000000000,6000000000
1260818,133545,"3876      ",ATM50K,"Z1GC      ",47007,0000000800164118500,9825000000,0,9825000000,30000000000,0,30000000000
1260818,82815,"ZZBA      ",CRM,"W1BA      ",34057,0000000000000000000,6610000000,11790000000,18400000000,10000000000,10000000000,20000000000
1260818,94708,"1799      ",ATM100K,"Z0JN      ",27508,0000000000000000000,0,55500000000,55500000000,0,20000000000,20000000000
1260818,152500,"ZZPE      ",CRM,"W40E      ",39067,0000000000000000000,550000000,11500000000,12050000000,2000000000,20000000000,22000000000
1260818,191701,"A089      ",ATM50K,"Z4EQ      ",47007,0000000800034858700,5020000000,0,5020000000,30000000000,0,30000000000
1260818,230657,"H183      ",CRM,"W56M      ",47007,0000000800164118500,580000000,1190000000,1770000000,15000000000,20000000000,35000000000
1260818,85410,"ZZFD      ",CRM,"W29D      ",27510,0000000000000000000,640000000,71170000000,71810000000,2000000000,4000000000,6000000000
1260818,125848,"4241      ",ATM50K,"Z30L      ",47007,0000000800164118500,10400000000,0,10400000000,30000000000,0,30000000000
1260818,93502,"4800      ",ATM50K,"Z1NM      ",47007,0000000800164118500,14105000000,0,14105000000,30000000000,0,30000000000
1260818,95013,"ZZD4      ",CRM,"W20D      ",39000,0000000000000000000,430000000,12810000000,13240000000,5000000000,15000000000,20000000000
1260818,113513,"1482      ",ATM50K,"Z0CG      ",47007,0000000800164118500,9620000000,0,9620000000,32500000000,0,32500000000
1260818,103446,"1645      ",ATM50K,"Z0GK      ",47007,0000000800178541700,3660000000,0,3660000000,10000000000,0,10000000000
1260818,122349,"H390      ",CRM,"W64L      ",23044,0000000000000000000,3585000000,7600000000,11185000000,4000000000,6000000000,10000000000
1260818,103904,"H219      ",CRM,"W57W      ",29014,0000000000000000000,5350000000,4060000000,9410000000,2000000000,3000000000,5000000000
1260818,155012,"B654      ",ATM50K,"Z8FD      ",24051,0000000000000000000,8370000000,0,8370000000,10000000000,0,10000000000
1260818,150914,"H160      ",CRM,"W55P      ",33,0000000000000000000,4055000000,11330000000,15385000000,6000000000,12000000000,18000000000
1260818,95610,"H373      ",CRM,"W63U      ",8019,0000000000000000000,3040000000,13410000000,16450000000,5000000000,10000000000,15000000000
1260818,120757,"ZZL8      ",CRM,"W23L      ",47007,0000000800164118500,1400000000,28080000000,29480000000,2000000000,28000000000,30000000000
1260818,110313,"ZZSY      ",CRM,"W43Y      ",16040,0000000000000000000,1610000000,20760000000,22370000000,4000000000,6000000000,10000000000
1260818,95322,"ZZBE      ",CRM,"W1EE      ",47007,0000000800034863200,5220000000,7140000000,12360000000,10000000000,10000000000,20000000000
1260818,91811,"6470      ",ATM100K,"Z227      ",47007,0000000800164118500,0,11980000000,11980000000,0,50000000000,50000000000
1260818,90753,"B017      ",ATM100K,"Z7HI      ",23026,0000000000000000000,0,13110000000,13110000000,0,20000000000,20000000000
1260818,100318,"ZZO3      ",CRM,"W19O      ",23020,0000000000000000000,2105000000,9320000000,11425000000,0,1000000000,1000000000
1260818,122456,"4170      ",ATM100K,"Z1M0      ",23037,0000000000000000000,0,11740000000,11740000000,0,10000000000,10000000000
1260818,90149,"3046      ",ATM50K,"Z0UR      ",47007,0000000800164118500,10730000000,0,10730000000,36500000000,0,36500000000
1260818,223809,"ZZ0P      ",CRM,"W03P      ",47007,0000000800164118500,380000000,37960000000,38340000000,6000000000,28000000000,34000000000
1260818,103606,"8117      ",ATM100K,"Z2J0      ",30,0000000000000000000,0,5050000000,5050000000,0,10000000000,10000000000
1260818,93710,"H347      ",CRM,"W62U      ",20042,0000000000000000000,17550000000,33040000000,50590000000,10000000000,10000000000,20000000000
1260818,150817,"H066      ",CRM,"W08N      ",47007,0000000800164118500,4055000000,17040000000,21095000000,10000000000,10000000000,20000000000
1260818,150144,"2350      ",ATM100K,"Z0QO      ",27520,0000000000000000000,0,4260000000,4260000000,0,20000000000,20000000000
1260818,105922,"4894      ",ATM100K,"Z3H4      ",47007,0000000800164118500,0,42340000000,42340000000,0,42000000000,42000000000
1260818,103737,"8131      ",ATM50K,"Z2JA      ",39013,0000000000000000000,11960000000,0,11960000000,10000000000,0,10000000000
1260818,170259,"B358      ",ATM50K,"Z7MN      ",47007,0000000800034997200,3660000000,0,3660000000,10000000000,0,10000000000
1260818,123920,"3487      ",ATM50K,"Z160      ",47007,0000000800034805600,20290000000,0,20290000000,40000000000,0,40000000000
1260818,83053,"4970      ",ATM100K,"Z1O1      ",39050,0000000000000000000,0,29620000000,29620000000,0,20000000000,20000000000
1260818,64536,"H109      ",CRM,"W52Q      ",43504,0000000000000000000,875000000,21320000000,22195000000,2000000000,5000000000,7000000000
1260818,92710,"4573      ",ATM100K,"Z38X      ",47007,0000000800164118500,0,17600000000,17600000000,0,29000000000,29000000000
1260818,45135,"4141      ",ATM50K,"Z2Y6      ",47007,0000000800181276100,7855000000,0,7855000000,14000000000,0,14000000000
1260818,190305,"ZZ5N      ",CRM,"W11N      ",47007,0000000800034805600,8290000000,28620000000,36910000000,9500000000,28000000000,37500000000
1260818,92652,"H228      ",CRM,"W58F      ",39072,0000000000000000000,4500000000,22810000000,27310000000,10000000000,20000000000,30000000000
1260818,114348,"H382      ",CRM,"WH4D      ",20036,0000000000000000000,3390000000,2620000000,6010000000,2000000000,4000000000,6000000000
1260818,113031,"ZZOP      ",CRM,"W39P      ",23039,0000000000000000000,5575000000,15870000000,21445000000,5000000000,10000000000,15000000000
1260818,214655,"4621      ",ATM50K,"Z3A5      ",47007,0000000800181276100,4775000000,0,4775000000,19000000000,0,19000000000
1260818,141753,"4050      ",ATM50K,"Z1KO      ",8037,0000000000000000000,1770000000,0,1770000000,10000000000,0,10000000000
1260818,112955,"A926      ",ATM50K,"Z7EF      ",29036,0000000000000000000,0,0,0,0,0,6000000000
1260818,91154,"ZZZA      ",CRM,"W51A      ",39022,0000000000000000000,570000000,8380000000,8950000000,2000000000,8000000000,10000000000
