atm_id,periode_pred,denomination,amount_replenish,location
5317,2026-07-17,50000,100000000.0,LPG. BANDARA RADEN INTEN II LAMPUNG
ZZ0V,2026-07-17,50000,140000000.0,TGR.DUNKIN DONUT METRO PERMATA CRM
ZZ0V,2026-07-17,100000,70000000.0,TGR.DUNKIN DONUT METRO PERMATA CRM
ZZ0W,2026-07-17,50000,50000000.0,JKT.DUNKIN DONUTS RADEN INTEN CRM
ZZ0W,2026-07-17,100000,280000000.0,JKT.DUNKIN DONUTS RADEN INTEN CRM
ZZ0Y,2026-07-17,50000,25000000.0,JKT.DUNKIN DONUTS PEJAGALAN CRM
ZZ0Y,2026-07-17,100000,80000000.0,JKT.DUNKIN DONUTS PEJAGALAN CRM
ZZ10,2026-07-17,50000,20000000.0,JKT.EBL PACIFIC PLACE CRM 1 [VIP]
ZZ10,2026-07-17,100000,280000000.0,JKT.EBL PACIFIC PLACE CRM 1 [VIP]
ZZ1B,2026-07-17,50000,15000000.0,JKT.APT MEDITERANIA GAJAH MADA CRM
ZZ1B,2026-07-17,100000,60000000.0,JKT.APT MEDITERANIA GAJAH MADA CRM
ZZ1C,2026-07-17,50000,35000000.0,BKS.ATMC SEGITIGA PEJUANG CRM
ZZ1C,2026-07-17,100000,280000000.0,BKS.ATMC SEGITIGA PEJUANG CRM
ZZ1N,2026-07-17,50000,35000000.0,BKS.GALLERY KINCAN RAYA CRM
ZZ1N,2026-07-17,100000,40000000.0,BKS.GALLERY KINCAN RAYA CRM
ZZ1O,2026-07-17,50000,200000000.0,BKS.ATM CENTER RS PUTRA MEDIKA III CRM
ZZ1O,2026-07-17,100000,280000000.0,BKS.ATM CENTER RS PUTRA MEDIKA III CRM
ZZ1Q,2026-07-17,50000,60000000.0,BKS.ATM CENTER RUKO MEGA REGENCY CRM
ZZ1Q,2026-07-17,100000,100000000.0,BKS.ATM CENTER RUKO MEGA REGENCY CRM
ZZ21,2026-07-17,50000,140000000.0,JKT.EBL CENTRAL PARK CRM 2 [VIP]
ZZ21,2026-07-17,100000,160000000.0,JKT.EBL CENTRAL PARK CRM 2 [VIP]
ZZ22,2026-07-17,50000,140000000.0,JKT.EBL CENTRAL PARK CRM 1 [VIP]
ZZ0T,2026-07-17,100000,30000000.0,JKT.SPBU 34-12701 WARUNG BUNCIT CRM
ZZ0T,2026-07-17,50000,20000000.0,JKT.SPBU 34-12701 WARUNG BUNCIT CRM
ZZ0Q,2026-07-17,100000,280000000.0,JKT.SPBU31-13101 PRAMUKA CRM
ZZ0Q,2026-07-17,50000,80000000.0,JKT.SPBU31-13101 PRAMUKA CRM
H121,2026-07-17,50000,185000000.0,JKT.SPBU 34-12602 Lenteng Agung
H121,2026-07-17,100000,280000000.0,JKT.SPBU 34-12602 Lenteng Agung
H127,2026-07-17,50000,20000000.0,JKT.CRM.Senayan Park
H127,2026-07-17,100000,280000000.0,JKT.CRM.Senayan Park
H129,2026-07-17,50000,25000000.0,JKT.CRM.RS Heartology Kebayoran Baru
H129,2026-07-17,100000,280000000.0,JKT.CRM.RS Heartology Kebayoran Baru
H142,2026-07-17,50000,90000000.0,BGR.CRM Indomaret Metland Cileungsi Boulevard (TD4P)
H142,2026-07-17,100000,280000000.0,BGR.CRM Indomaret Metland Cileungsi Boulevard (TD4P)
ZZ00,2026-07-17,50000,10000000.0,EBL Gandaria City CRM 2 (VIP) Jakarta
ZZ00,2026-07-17,100000,280000000.0,EBL Gandaria City CRM 2 (VIP) Jakarta
ZZ22,2026-07-17,100000,110000000.0,JKT.EBL CENTRAL PARK CRM 1 [VIP]
ZZ01,2026-07-17,50000,20000000.0,EBL Gandaria City CRM 1 (VIP) Jakarta
ZZ02,2026-07-17,50000,10000000.0,EBL Gandaria City CRM 3 (VIP) Jakarta
ZZ02,2026-07-17,100000,280000000.0,EBL Gandaria City CRM 3 (VIP) Jakarta
ZZ07,2026-07-17,50000,140000000.0,TGR.EBL SUPERMALL KARAWACI CRM 1 [VIP]
ZZ07,2026-07-17,100000,210000000.0,TGR.EBL SUPERMALL KARAWACI CRM 1 [VIP]
ZZ0B,2026-07-17,50000,25000000.0,JKT.CILANDAK TOWN SQUARE 1CRM [VIP]
ZZ0B,2026-07-17,100000,60000000.0,JKT.CILANDAK TOWN SQUARE 1CRM [VIP]
ZZ0F,2026-07-17,50000,70000000.0,JKT.ALFAMIDI WALANG CRM
ZZ0F,2026-07-17,100000,60000000.0,JKT.ALFAMIDI WALANG CRM
ZZ0G,2026-07-17,50000,25000000.0,JKT.SPBU KEMANGGISAN CRM
ZZ0G,2026-07-17,100000,280000000.0,JKT.SPBU KEMANGGISAN CRM
ZZ01,2026-07-17,100000,280000000.0,EBL Gandaria City CRM 1 (VIP) Jakarta
H120,2026-07-17,100000,280000000.0,JKT.SPBU 34-12503 Pasar Minggu
ZZ23,2026-07-17,50000,10000000.0,JKT.EBL.CITY WALK.CRM [VIP]
ZZ2B,2026-07-17,50000,45000000.0,BGR.ATM CENTER LIMUS PRATAMA CRM
ZZ4L,2026-07-17,100000,20000000.0,AIA CENTRAL CRM
ZZ4N,2026-07-17,50000,15000000.0,BKS.SUMMARECON MALL CRM1 [VIP]
ZZ4N,2026-07-17,100000,40000000.0,BKS.SUMMARECON MALL CRM1 [VIP]
ZZ4U,2026-07-17,50000,5000000.0,BKS.GRAND METROPOLITAN MALL CRM
ZZ4U,2026-07-17,100000,100000000.0,BKS.GRAND METROPOLITAN MALL CRM
ZZ4V,2026-07-17,50000,20000000.0,BGR.CIBINONG CITY MALL CRM [VIP]
ZZ4V,2026-07-17,100000,50000000.0,BGR.CIBINONG CITY MALL CRM [VIP]
ZZ4Y,2026-07-17,50000,20000000.0,BGR.METROPOLITAN MALL CILEUNGSI CRM
ZZ4Y,2026-07-17,100000,40000000.0,BGR.METROPOLITAN MALL CILEUNGSI CRM
ZZ53,2026-07-17,50000,45000000.0,BKS.LEGENDA PARK CRM
ZZ53,2026-07-17,100000,280000000.0,BKS.LEGENDA PARK CRM
ZZ59,2026-07-17,50000,25000000.0,TGR.BINTARO EXCHANGE CRM [VIP]
ZZ59,2026-07-17,100000,60000000.0,TGR.BINTARO EXCHANGE CRM [VIP]
ZZ5F,2026-07-17,50000,10000000.0,JKT.MALL @ BASSURA CRM
ZZ5F,2026-07-17,100000,20000000.0,JKT.MALL @ BASSURA CRM
ZZ5S,2026-07-17,50000,45000000.0,BDG.MUSTIKA HEGAR REGENCY CRM
ZZ5S,2026-07-17,100000,50000000.0,BDG.MUSTIKA HEGAR REGENCY CRM
ZZ5U,2026-07-17,50000,5000000.0,BDG.BTC CRM
ZZ5U,2026-07-17,100000,10000000.0,BDG.BTC CRM
ZZ62,2026-07-17,50000,40000000.0,JKT.SPBU34-12105 KEMANG RAYA CRM
ZZ62,2026-07-17,100000,280000000.0,JKT.SPBU34-12105 KEMANG RAYA CRM
ZZ4L,2026-07-17,50000,10000000.0,AIA CENTRAL CRM
ZZ4F,2026-07-17,100000,30000000.0,JKT.THAMRIN CITY CRM
ZZ4F,2026-07-17,50000,15000000.0,JKT.THAMRIN CITY CRM
ZZ49,2026-07-17,100000,70000000.0,JKT.KEMANG VILLAGE CRM - [VIP]
ZZ2B,2026-07-17,100000,280000000.0,BGR.ATM CENTER LIMUS PRATAMA CRM
ZZ2C,2026-07-17,50000,30000000.0,DPK.YOEHAN BUSANA CITAYEM CRM
ZZ2C,2026-07-17,100000,50000000.0,DPK.YOEHAN BUSANA CITAYEM CRM
ZZ2H,2026-07-17,50000,20000000.0,JKT.SPBU34-14210 C3 KELAPA GADING CRM
ZZ2H,2026-07-17,100000,40000000.0,JKT.SPBU34-14210 C3 KELAPA GADING CRM
ZZ2O,2026-07-17,50000,30000000.0,JKT.GEDUNG HS HOUSE CRM
ZZ2O,2026-07-17,100000,50000000.0,JKT.GEDUNG HS HOUSE CRM
ZZ2T,2026-07-17,50000,50000000.0,TGR.SPBU BENZINE 34-15710 CITRA RAYA CRM
ZZ2T,2026-07-17,100000,280000000.0,TGR.SPBU BENZINE 34-15710 CITRA RAYA CRM
ZZ2U,2026-07-17,50000,75000000.0,TGR.SPBU34-15109 JATAKE CRM
ZZ23,2026-07-17,100000,30000000.0,JKT.EBL.CITY WALK.CRM [VIP]
ZZ2U,2026-07-17,100000,280000000.0,TGR.SPBU34-15109 JATAKE CRM
ZZ39,2026-07-17,100000,280000000.0,JKT.EBL BEJ TOWER-2.CRM [VIP]
ZZ3E,2026-07-17,50000,15000000.0,BKS.SUMMARECON MALL CRM [VIP]
ZZ3E,2026-07-17,100000,30000000.0,BKS.SUMMARECON MALL CRM [VIP]
ZZ3H,2026-07-17,50000,10000000.0,JKT.ATM CENTER KOTA KASABLANKA MAL [VIP]
ZZ3H,2026-07-17,100000,40000000.0,JKT.ATM CENTER KOTA KASABLANKA MAL [VIP]
ZZ3O,2026-07-17,50000,5000000.0,JKT.KALIBATA MALL - 1 CRM
ZZ3O,2026-07-17,100000,10000000.0,JKT.KALIBATA MALL - 1 CRM
ZZ46,2026-07-17,50000,30000000.0,PWK.SPBU OVERSTEE ISDIMAN CRM
ZZ46,2026-07-17,100000,50000000.0,PWK.SPBU OVERSTEE ISDIMAN CRM
ZZ49,2026-07-17,50000,20000000.0,JKT.KEMANG VILLAGE CRM - [VIP]
ZZ39,2026-07-17,50000,15000000.0,JKT.EBL BEJ TOWER-2.CRM [VIP]
H120,2026-07-17,50000,85000000.0,JKT.SPBU 34-12503 Pasar Minggu
H119,2026-07-17,100000,280000000.0,JKT.SPBU 34-13702 Pasar Rebo
H119,2026-07-17,50000,65000000.0,JKT.SPBU 34-13702 Pasar Rebo
6567,2026-07-17,100000,100000000.0,TGR.SPBU34-15805 BOROBUDUR 1
6740,2026-07-17,100000,100000000.0,TGR.TANGCITY MALL 1 (E STATION) [VIP]
B467,2026-07-17,100000,100000000.0,MDN.Grand Central Premiere Hotel
B348,2026-07-17,100000,100000000.0,SMG.Paragon Mall
A869,2026-07-17,100000,120000000.0,DBO.SPBU 44-59518 BANDUNGREJO -2
A784,2026-07-17,100000,570000000.0,MTN.CIMBN.SYARIAH MANDALIKA
A681,2026-07-17,100000,180000000.0,BAL.MCD SANUR
A513,2026-07-17,100000,100000000.0,JKT.SENAYAN CITY BANKING LG
A237,2026-07-17,100000,100000000.0,BAL.INDOMARET LEGIAN 4 BDG ( TFES )
A199,2026-07-17,100000,190000000.0,BAL.INDOMARET PRATAMA (T55Y)
A068,2026-07-17,100000,410000000.0,SMG.INDOMARET SEDAYU TUGU (FD78)
8918,2026-07-17,100000,100000000.0,JKT.ASURANSI BINTANG
8712,2026-07-17,100000,100000000.0,JKT.SOGO SENAYAN [VIP]
8361,2026-07-17,100000,140000000.0,BDG.FENG TAY 1 [INDUSTRI]
6736,2026-07-17,100000,180000000.0,TGR.KMK GLOBAL SPORT 1 CIKUPA 1 [INDUSTRI]
4049,2026-07-17,100000,100000000.0,BGR.JSI OFFROAD MEGA MENDUNG
5823,2026-07-17,100000,440000000.0,BAL.ATM CENTER PEPITO TEBONGKANG
1487,2026-07-17,100000,100000000.0,JKT.SPBU34-13905 PULO GEBANG RAYA
1517,2026-07-17,100000,100000000.0,TGR.INDOMARET DC TANGERANG2
1333,2026-07-17,100000,100000000.0,JKT.SPBU34-14207 PLUMPANG
3043,2026-07-17,100000,110000000.0,BAL.BEACHWALK KUTA 3
4172,2026-07-17,100000,100000000.0,BTM.SUMITOMO WIRING SYSTEM
4321,2026-07-17,100000,170000000.0,CRB.RS PLUMBON
4591,2026-07-17,100000,200000000.0,DPS.JAPANESE RYOSHI RESTAURANT
4659,2026-07-17,100000,130000000.0,BKS.ALFAMART CIBARUSAH LOJI
6483,2026-07-17,100000,130000000.0,JKT.SPBU34-11801 PETA BARAT
6398,2026-07-17,100000,100000000.0,BKS.SPBU31-17504 SUKARESMI
6397,2026-07-17,100000,150000000.0,BKS.SPBU34-17503 GATSU CIKARNG
6331,2026-07-17,100000,100000000.0,JKT.SPBU34-12212 SAIDI
6329,2026-07-17,100000,100000000.0,JKT MEDCO INDONESIA - STARBUCK CRM [VIP]
6305,2026-07-17,100000,100000000.0,JKT.SPBU34-12105 KEMANG RAYA
6135,2026-07-17,100000,200000000.0,PWA.TOKMA PURWAKARTA
6122,2026-07-17,100000,260000000.0,TRAWANGAN NIRVANA
6092,2026-07-17,100000,290000000.0,BAL.SPBU 54.80113 KEBO IWA
5974,2026-07-17,100000,100000000.0,TGR.ALFA TOWER ALAM SUTERA
1539,2026-07-17,100000,340000000.0,BGR.PT INDOKORDSA 2
5911,2026-07-17,100000,100000000.0,TGR.ICE BSD - NUSANTARA HALL
5609,2026-07-17,100000,100000000.0,JKT.XL Axiata Tower
5473,2026-07-17,100000,110000000.0,DPK.ALFAMART JATIJAJAR 2 DEPOK
5310,2026-07-17,100000,330000000.0,BDG.SPBU 34-40316 KULALET
5195,2026-07-17,100000,100000000.0,BAL.ATM CENTER BANJAR TEMACUN
5085,2026-07-17,100000,100000000.0,JKT.SPBU 34-13415 PONDOK KOPI
4979,2026-07-17,100000,100000000.0,JKT.SPBU 34-11612 - 2
4722,2026-07-17,100000,150000000.0,BKS.SPBU 34-17503 - 2
4699,2026-07-17,100000,200000000.0,MTN. KELAPA LUXURY VILLAS
4698,2026-07-17,100000,470000000.0,MTN.BLUE MARLIN GILI AIR
4661,2026-07-17,100000,530000000.0,BGR.INDOMARET MERCEDEZ BENZ RAYA
B493,2026-07-17,100000,100000000.0,BAL.Bandara Ngurah Rai 2 (Keberangkatan & Kedatangan Domestik)
1148,2026-07-17,100000,170000000.0,TGR.KMK GLOBAL SPORT 1 CIKUPA 3 [INDUSTRI]
2370,2026-07-17,100000,100000000.0,JKT.GRAHA MEDIKA
2695,2026-07-17,100000,100000000.0,PKB.MALL SKA
H044,2026-07-17,50000,5000000.0,BDG.CIHAMPELAS WALK CRM [VIP]
H044,2026-07-17,100000,20000000.0,BDG.CIHAMPELAS WALK CRM [VIP]
H056,2026-07-17,50000,140000000.0,SMG.SPBU44-50126 TLOGOSARI CRM
H056,2026-07-17,100000,100000000.0,SMG.SPBU44-50126 TLOGOSARI CRM
H057,2026-07-17,50000,40000000.0,SMG.SPBU44-50214 KALIGARANG CRM
H057,2026-07-17,100000,280000000.0,SMG.SPBU44-50214 KALIGARANG CRM
H065,2026-07-17,50000,5000000.0,BGR.EBL.BOTANI SQUARE - 1. CRM [VIP]
H065,2026-07-17,100000,280000000.0,BGR.EBL.BOTANI SQUARE - 1. CRM [VIP]
H066,2026-07-17,50000,10000000.0,BGR.EBL.BOTANI SQUARE - 2. CRM [VIP]
H066,2026-07-17,100000,280000000.0,BGR.EBL.BOTANI SQUARE - 2. CRM [VIP]
H043,2026-07-17,100000,40000000.0,SBY.MAL GALAXY SURABAYA CRM [VIP]
H067,2026-07-17,50000,100000000.0,SMG.ALFAMIDI KARANGREJO KGO (SI09) CRM
H071,2026-07-17,50000,185000000.0,BTM.CRM.SP Mall 2 Batu Aji Batam
H071,2026-07-17,100000,280000000.0,BTM.CRM.SP Mall 2 Batu Aji Batam
H098,2026-07-17,50000,80000000.0,BKS.SPBU34-17105 JAKA SETIA CRM
H098,2026-07-17,100000,280000000.0,BKS.SPBU34-17105 JAKA SETIA CRM
H099,2026-07-17,50000,45000000.0,JKT.CRM PIM 3
H099,2026-07-17,100000,280000000.0,JKT.CRM PIM 3
H117,2026-07-17,50000,105000000.0,BKS.SPBU 34-17403 Jatiwaringin
H117,2026-07-17,100000,280000000.0,BKS.SPBU 34-17403 Jatiwaringin
H118,2026-07-17,50000,120000000.0,DPK.SPBU 34-16408 Citayem - 2
H118,2026-07-17,100000,280000000.0,DPK.SPBU 34-16408 Citayem - 2
H067,2026-07-17,100000,280000000.0,SMG.ALFAMIDI KARANGREJO KGO (SI09) CRM
ZZ68,2026-07-17,50000,15000000.0,BAL.BEACHWALK KUTA CRM
H043,2026-07-17,50000,10000000.0,SBY.MAL GALAXY SURABAYA CRM [VIP]
H038,2026-07-17,50000,10000000.0,MGL.ARMADA TOWN SQUARE
1797,2026-07-17,100000,100000000.0,BKS.ALFAMART C348 BOSIH 3
1059,2026-07-17,100000,100000000.0,JKT.SPBU34-12901 MINANGKABAU
1880,2026-07-17,100000,130000000.0,MDN.SUN PLAZA 1
3782,2026-07-17,100000,100000000.0,BKS.SPBU 34.171.48 UJUNG HARAPAN - 2
1058,2026-07-17,100000,100000000.0,TGR.SPBU34-15120 MERUGA
ZZZ9,2026-07-17,50000,15000000.0,JKT.DL MALL KOKAS CRM-1
H013,2026-07-17,50000,10000000.0,DPK.DEPOK TOWN CENTER CRM
H013,2026-07-17,100000,20000000.0,DPK.DEPOK TOWN CENTER CRM
H017,2026-07-17,50000,10000000.0,JKT.BLOK M PLAZA CRM
H017,2026-07-17,100000,30000000.0,JKT.BLOK M PLAZA CRM
H038,2026-07-17,100000,20000000.0,MGL.ARMADA TOWN SQUARE
H018,2026-07-17,50000,15000000.0,JKT.BLOK M SQUARE
H021,2026-07-17,50000,10000000.0,JKT.FX PLAZA CRM [VIP]
H021,2026-07-17,100000,30000000.0,JKT.FX PLAZA CRM [VIP]
H024,2026-07-17,50000,15000000.0,JKT.JITC MANGGA DUA
H024,2026-07-17,100000,50000000.0,JKT.JITC MANGGA DUA
H025,2026-07-17,50000,15000000.0,JKT.LIPPO MALL PURI AT THE ST.MORITZ 2 CRM [VIP]
H025,2026-07-17,100000,70000000.0,JKT.LIPPO MALL PURI AT THE ST.MORITZ 2 CRM [VIP]
H028,2026-07-17,50000,35000000.0,JKT.MALL TAMAN PALEM
H028,2026-07-17,100000,100000000.0,JKT.MALL TAMAN PALEM
H031,2026-07-17,50000,20000000.0,JKT.PIM I ATMC PINTU SELATAN 1 CRM [VIP]
H031,2026-07-17,100000,40000000.0,JKT.PIM I ATMC PINTU SELATAN 1 CRM [VIP]
H018,2026-07-17,100000,50000000.0,JKT.BLOK M SQUARE
ZZ68,2026-07-17,100000,60000000.0,BAL.BEACHWALK KUTA CRM
ZZ6A,2026-07-17,50000,20000000.0,SMG.SPBU 44-50508 DIPONEGORO UNGARAN CRM
ZZ6A,2026-07-17,100000,40000000.0,SMG.SPBU 44-50508 DIPONEGORO UNGARAN CRM
ZZQR,2026-07-17,100000,280000000.0,JKT.CRM.Gedung Menara Sunlife
ZZQV,2026-07-17,50000,95000000.0,PBL.CRM.Graha Mulia Toserba
ZZQV,2026-07-17,100000,280000000.0,PBL.CRM.Graha Mulia Toserba
ZZR1,2026-07-17,50000,30000000.0,TGR.OMI-SMESCO MART CRM
ZZR1,2026-07-17,100000,70000000.0,TGR.OMI-SMESCO MART CRM
ZZTG,2026-07-17,50000,95000000.0,JKT.EBL CENTRAL PARK CRM 3 [VIP]
ZZTG,2026-07-17,100000,280000000.0,JKT.EBL CENTRAL PARK CRM 3 [VIP]
ZZTP,2026-07-17,50000,20000000.0,JKT.EBL PACIFIC PLACE CRM 4 [VIP]
ZZTP,2026-07-17,100000,280000000.0,JKT.EBL PACIFIC PLACE CRM 4 [VIP]
ZZTV,2026-07-17,50000,10000000.0,JKT.The City Tower CRM
ZZTV,2026-07-17,100000,280000000.0,JKT.The City Tower CRM
ZZUH,2026-07-17,50000,50000000.0,JKT.CRM.PUSAT GROSIR CILILITAN HALTE WALK
ZZUH,2026-07-17,100000,280000000.0,JKT.CRM.PUSAT GROSIR CILILITAN HALTE WALK
ZZUK,2026-07-17,50000,40000000.0,JKT.CRM KUNINGAN CITY [VIP]
ZZUK,2026-07-17,100000,280000000.0,JKT.CRM KUNINGAN CITY [VIP]
ZZUX,2026-07-17,50000,195000000.0,JKT.SPBU 34-14307
ZZUX,2026-07-17,100000,280000000.0,JKT.SPBU 34-14307
ZZVB,2026-07-17,50000,165000000.0,JKT.CRM.SPBU COCO 31-12702 Tendean
ZZVB,2026-07-17,100000,280000000.0,JKT.CRM.SPBU COCO 31-12702 Tendean
ZZVD,2026-07-17,50000,95000000.0,JKT.CRM.SPBU 34-12805 Kasablanka - 1
ZZVD,2026-07-17,100000,280000000.0,JKT.CRM.SPBU 34-12805 Kasablanka - 1
ZZQR,2026-07-17,50000,20000000.0,JKT.CRM.Gedung Menara Sunlife
ZZP2,2026-07-17,100000,10000000.0,TRK.CRM.HOTEL ATIA NEO
ZZP2,2026-07-17,50000,5000000.0,TRK.CRM.HOTEL ATIA NEO
ZZO9,2026-07-17,100000,30000000.0,TGR.CRM SILOAM KARAWACI
ZZKG,2026-07-17,100000,280000000.0,BDG.CRM.SPBU 34-40131 GARUDA
ZZLP,2026-07-17,50000,15000000.0,TGR.PONDOK PESANTREN DAAR EL QOLAM 3
ZZLP,2026-07-17,100000,280000000.0,TGR.PONDOK PESANTREN DAAR EL QOLAM 3
ZZLV,2026-07-17,50000,10000000.0,JKT.CRM.REZEKI FRESH MARKET
ZZLV,2026-07-17,100000,20000000.0,JKT.CRM.REZEKI FRESH MARKET
ZZM0,2026-07-17,50000,45000000.0,JKT.SUPERINDO KOSAMBI CRM
ZZM0,2026-07-17,100000,100000000.0,JKT.SUPERINDO KOSAMBI CRM
ZZMR,2026-07-17,50000,40000000.0,PLB.CRM OPI MALL PALEMBANG
ZZMR,2026-07-17,100000,280000000.0,PLB.CRM OPI MALL PALEMBANG
ZZND,2026-07-17,50000,135000000.0,JKT.CRM.ALFAMIDI CILILITAN BESAR (MC16)
ZZVG,2026-07-17,50000,60000000.0,JKT.CRM.SPBU 34-14305 Sunter Kemayoran
ZZND,2026-07-17,100000,280000000.0,JKT.CRM.ALFAMIDI CILILITAN BESAR (MC16)
ZZNG,2026-07-17,100000,280000000.0,BKS.CRM.ATM CENTER CENTRAL PARK CIKARANG
ZZNH,2026-07-17,50000,135000000.0,SDA.CRM.RUKO PEPILAND PEPELEGI
ZZNH,2026-07-17,100000,280000000.0,SDA.CRM.RUKO PEPILAND PEPELEGI
ZZNO,2026-07-17,50000,40000000.0,TGR.CRM.PT CNAF BINTARO
ZZNO,2026-07-17,100000,280000000.0,TGR.CRM.PT CNAF BINTARO
ZZO1,2026-07-17,50000,20000000.0,TGR.TANG CITY CRM [VIP]
ZZO1,2026-07-17,100000,70000000.0,TGR.TANG CITY CRM [VIP]
ZZO8,2026-07-17,50000,35000000.0,SMG.SPBU 44-50113 NGALIYAN CRM
ZZO8,2026-07-17,100000,280000000.0,SMG.SPBU 44-50113 NGALIYAN CRM
ZZO9,2026-07-17,50000,20000000.0,TGR.CRM SILOAM KARAWACI
ZZNG,2026-07-17,50000,105000000.0,BKS.CRM.ATM CENTER CENTRAL PARK CIKARANG
ZZVG,2026-07-17,100000,280000000.0,JKT.CRM.SPBU 34-14305 Sunter Kemayoran
ZZVN,2026-07-17,50000,85000000.0,JKT.CRM.SPBU COCO 31-10701 Industri
ZZVN,2026-07-17,100000,280000000.0,JKT.CRM.SPBU COCO 31-10701 Industri
ZZXU,2026-07-17,50000,200000000.0,DPK.SPBU34-16413 PITARA
ZZXU,2026-07-17,100000,280000000.0,DPK.SPBU34-16413 PITARA
ZZXV,2026-07-17,50000,120000000.0,JKT.SPBU 34-10604 BUNGUR
ZZXV,2026-07-17,100000,280000000.0,JKT.SPBU 34-10604 BUNGUR
ZZXW,2026-07-17,50000,135000000.0,DPK.SPBU 34-16407 SAWANGAN
ZZXW,2026-07-17,100000,280000000.0,DPK.SPBU 34-16407 SAWANGAN
ZZXY,2026-07-17,50000,130000000.0,TGR.SPBU 34-15409 CINANGKA
ZZXY,2026-07-17,100000,280000000.0,TGR.SPBU 34-15409 CINANGKA
ZZY4,2026-07-17,50000,45000000.0,TGR.SPBU34-15417 PONDOK BENDA CRM
ZZY4,2026-07-17,100000,280000000.0,TGR.SPBU34-15417 PONDOK BENDA CRM
ZZXR,2026-07-17,100000,280000000.0,JKT.SPBU34-13202 PERINTIS KEMERDEKAAN
ZZYC,2026-07-17,50000,170000000.0,TGR.SPBU34-15401 SIMPANGTIGA
ZZYD,2026-07-17,50000,200000000.0,MDN.NASUBA OUTLET
ZZYD,2026-07-17,100000,280000000.0,MDN.NASUBA OUTLET
ZZYF,2026-07-17,50000,200000000.0,JKT.SPBU 34-13502 BATU AMPAR
ZZYF,2026-07-17,100000,280000000.0,JKT.SPBU 34-13502 BATU AMPAR
ZZYL,2026-07-17,50000,80000000.0,BGR.EBL.BOTANI SQUARE - 4. CRM [VIP]
ZZYL,2026-07-17,100000,280000000.0,BGR.EBL.BOTANI SQUARE - 4. CRM [VIP]
ZZYM,2026-07-17,50000,35000000.0,EBL Gandaria City CRM 4 (VIP) Jakarta
ZZYM,2026-07-17,100000,280000000.0,EBL Gandaria City CRM 4 (VIP) Jakarta
ZZYV,2026-07-17,50000,60000000.0,MTN.CRM.Epicentrum Mall Mataram
ZZYV,2026-07-17,100000,280000000.0,MTN.CRM.Epicentrum Mall Mataram
ZZYC,2026-07-17,100000,280000000.0,TGR.SPBU34-15401 SIMPANGTIGA
ZZKG,2026-07-17,50000,60000000.0,BDG.CRM.SPBU 34-40131 GARUDA
ZZXR,2026-07-17,50000,80000000.0,JKT.SPBU34-13202 PERINTIS KEMERDEKAAN
ZZXH,2026-07-17,50000,175000000.0,JKT.SPBU 34-11803 Daan Mogot
ZZVP,2026-07-17,50000,50000000.0,JKT.CRM.SPBU COCO 31-10702 Samanhudi
ZZVP,2026-07-17,100000,280000000.0,JKT.CRM.SPBU COCO 31-10702 Samanhudi
ZZVT,2026-07-17,50000,135000000.0,DPK.SPBU 34-16416 Tole Iskandar
ZZVT,2026-07-17,100000,280000000.0,DPK.SPBU 34-16416 Tole Iskandar
ZZVW,2026-07-17,50000,55000000.0,JKT.CRM.SPBU 34-11706 Sumur Bor - 2
ZZVW,2026-07-17,100000,280000000.0,JKT.CRM.SPBU 34-11706 Sumur Bor - 2
ZZVY,2026-07-17,50000,60000000.0,DPK.CRM.SPBU COCO 31-16401 Margonda - 2
ZZVY,2026-07-17,100000,280000000.0,DPK.CRM.SPBU COCO 31-16401 Margonda - 2
ZZWF,2026-07-17,50000,130000000.0,TGR.CRM.SPBU 34-15413 Pamulang Dua
ZZWF,2026-07-17,100000,280000000.0,TGR.CRM.SPBU 34-15413 Pamulang Dua
ZZXH,2026-07-17,100000,280000000.0,JKT.SPBU 34-11803 Daan Mogot
ZZWJ,2026-07-17,50000,80000000.0,JKT.SPBU COCO 31-11713 Pesing Daan Mogot
ZZWM,2026-07-17,50000,85000000.0,JKT.CRM.SPBU 34-12114 Gandaria - 2
ZZWM,2026-07-17,100000,280000000.0,JKT.CRM.SPBU 34-12114 Gandaria - 2
ZZWQ,2026-07-17,50000,130000000.0,TGR.CRM.SPBU 34-15110
ZZWQ,2026-07-17,100000,280000000.0,TGR.CRM.SPBU 34-15110
ZZX1,2026-07-17,50000,25000000.0,JKT.CRM.Mall Ciputra Jakarta (Citraland) - 1
ZZX1,2026-07-17,100000,80000000.0,JKT.CRM.Mall Ciputra Jakarta (Citraland) - 1
ZZXE,2026-07-17,50000,200000000.0,JKT.SPBU 34-11609 Joglo
ZZXE,2026-07-17,100000,280000000.0,JKT.SPBU 34-11609 Joglo
ZZXG,2026-07-17,50000,200000000.0,SMG.Indomaret Banjardowo (T8RT)
ZZXG,2026-07-17,100000,280000000.0,SMG.Indomaret Banjardowo (T8RT)
ZZWJ,2026-07-17,100000,280000000.0,JKT.SPBU COCO 31-11713 Pesing Daan Mogot
6485,2026-07-17,100000,120000000.0,TGR.SPBU34-15605 CISOKA
ZZJK,2026-07-17,100000,20000000.0,JKT.ONE BELPARK FATMAWATI
ZZJF,2026-07-17,100000,90000000.0,JKT.EBL CENTRAL PARK CRM [VIP]
ZZ8B,2026-07-17,50000,35000000.0,CNJ.CITIMALL CIANJUR CRM
ZZ8B,2026-07-17,100000,40000000.0,CNJ.CITIMALL CIANJUR CRM
ZZ8I,2026-07-17,50000,15000000.0,MDN.CAMBRIDGE CITY SQUARE CRM
ZZ8I,2026-07-17,100000,70000000.0,MDN.CAMBRIDGE CITY SQUARE CRM
ZZ8J,2026-07-17,50000,15000000.0,MDN.MEDAN MALL CRM
ZZ8J,2026-07-17,100000,50000000.0,MDN.MEDAN MALL CRM
ZZ8N,2026-07-17,50000,35000000.0,JMB.Town Square
ZZ8N,2026-07-17,100000,280000000.0,JMB.Town Square
ZZ92,2026-07-17,50000,15000000.0,JKT MEDCO INDONESIA - STARBUCK CRM [VIP]
ZZ92,2026-07-17,100000,30000000.0,JKT MEDCO INDONESIA - STARBUCK CRM [VIP]
ZZ93,2026-07-17,50000,140000000.0,JKT.EBL.CITY WALK - 2.CRM [VIP]
ZZ93,2026-07-17,100000,10000000.0,JKT.EBL.CITY WALK - 2.CRM [VIP]
ZZ9E,2026-07-17,50000,140000000.0,TGR.SUMMARECON MALL SERPONG I CRM [VIP]
ZZ9E,2026-07-17,100000,240000000.0,TGR.SUMMARECON MALL SERPONG I CRM [VIP]
ZZ9I,2026-07-17,50000,25000000.0,TGR.PASAR MODERN BSD CRM
ZZ9I,2026-07-17,100000,70000000.0,TGR.PASAR MODERN BSD CRM
ZZ9J,2026-07-17,50000,25000000.0,TGR.PASAR 8 ALAM SUTERA CRM
ZZ9J,2026-07-17,100000,60000000.0,TGR.PASAR 8 ALAM SUTERA CRM
ZZ9M,2026-07-17,50000,20000000.0,TGR.PASAR SEGAR GRAHA BINTARO CRM
ZZ9M,2026-07-17,100000,60000000.0,TGR.PASAR SEGAR GRAHA BINTARO CRM
ZZ9O,2026-07-17,50000,30000000.0,TGR.PASAR KELAPA DUA TANGERANG CRM
ZZ8A,2026-07-17,100000,30000000.0,BDG.PARIS VAN JAVA CRM
ZZ8A,2026-07-17,50000,15000000.0,BDG.PARIS VAN JAVA CRM
ZZ85,2026-07-17,100000,10000000.0,JMB.WILTOP CENTER BATANGHARI (WTC) CRM
ZZ85,2026-07-17,50000,5000000.0,JMB.WILTOP CENTER BATANGHARI (WTC) CRM
ZZ6I,2026-07-17,50000,15000000.0,SMG.JAVA MALL 1 CRM
ZZ6I,2026-07-17,100000,30000000.0,SMG.JAVA MALL 1 CRM
ZZ6J,2026-07-17,50000,10000000.0,SMG.MALL CITRALAND CRM
ZZ6J,2026-07-17,100000,30000000.0,SMG.MALL CITRALAND CRM
ZZ6L,2026-07-17,50000,15000000.0,SOL.THE PARK SOLO CRM
ZZ6L,2026-07-17,100000,60000000.0,SOL.THE PARK SOLO CRM
ZZ6Q,2026-07-17,50000,10000000.0,YOG.JOGJA CITY MALL CRM
ZZ6Q,2026-07-17,100000,20000000.0,YOG.JOGJA CITY MALL CRM
ZZ6S,2026-07-17,50000,20000000.0,BAL.SPBU MARLBORO DENPASAR CRM
ZZ6S,2026-07-17,100000,280000000.0,BAL.SPBU MARLBORO DENPASAR CRM
ZZ9O,2026-07-17,100000,40000000.0,TGR.PASAR KELAPA DUA TANGERANG CRM
ZZ6T,2026-07-17,50000,15000000.0,BAL.SPBU IMAM BONJOL
ZZ6Z,2026-07-17,50000,15000000.0,LPG.MALL BUMI KEDATON LAMPUNG CRM
ZZ6Z,2026-07-17,100000,30000000.0,LPG.MALL BUMI KEDATON LAMPUNG CRM
ZZ78,2026-07-17,50000,140000000.0,MDN.TASBIH CRM
ZZ78,2026-07-17,100000,400000000.0,MDN.TASBIH CRM
ZZ7G,2026-07-17,50000,15000000.0,MND.MANADO TOWN SQUARE I
ZZ7G,2026-07-17,100000,30000000.0,MND.MANADO TOWN SQUARE I
ZZ7R,2026-07-17,50000,15000000.0,SBY.PLAZA MARINA CRM
ZZ7R,2026-07-17,100000,20000000.0,SBY.PLAZA MARINA CRM
ZZ7X,2026-07-17,50000,25000000.0,BDG.CIMAHI MALL CRM
ZZ7X,2026-07-17,100000,50000000.0,BDG.CIMAHI MALL CRM
ZZ6T,2026-07-17,100000,280000000.0,BAL.SPBU IMAM BONJOL
ZZA2,2026-07-17,50000,15000000.0,JKT.PURI INDAH MALL CRM
ZZA2,2026-07-17,100000,90000000.0,JKT.PURI INDAH MALL CRM
ZZAO,2026-07-17,50000,25000000.0,DPK.SPBU 34-16412 BEJI.CRM
ZZD1,2026-07-17,100000,50000000.0,JKT.MALL OF INDONESIA CRM
ZZD2,2026-07-17,50000,35000000.0,SDA.ALFAMIDI KALIJATEN SB05 TAMAN CRM
ZZD2,2026-07-17,100000,50000000.0,SDA.ALFAMIDI KALIJATEN SB05 TAMAN CRM
ZZE0,2026-07-17,50000,25000000.0,BGR.GAPURA INDAH (BUKIT CIMANGGU VILLA) CRM
ZZE0,2026-07-17,100000,60000000.0,BGR.GAPURA INDAH (BUKIT CIMANGGU VILLA) CRM
ZZF0,2026-07-17,50000,25000000.0,JKT.PURI KEMAYORAN APARTEMENT CRM
ZZF0,2026-07-17,100000,280000000.0,JKT.PURI KEMAYORAN APARTEMENT CRM
ZZFN,2026-07-17,50000,140000000.0,TGR.CIMBN.CRM.CITRA RAYA
ZZFN,2026-07-17,100000,90000000.0,TGR.CIMBN.CRM.CITRA RAYA
ZZG1,2026-07-17,50000,10000000.0,DPK.MARGO CITY.CRM
ZZD1,2026-07-17,50000,15000000.0,JKT.MALL OF INDONESIA CRM
ZZG1,2026-07-17,100000,30000000.0,DPK.MARGO CITY.CRM
ZZG7,2026-07-17,100000,50000000.0,PWA.CRM.PT Honda
ZZH1,2026-07-17,50000,5000000.0,JKT.KALIBATA CITY CRM
ZZH1,2026-07-17,100000,30000000.0,JKT.KALIBATA CITY CRM
ZZH5,2026-07-17,50000,15000000.0,BDG.PT YOOSUNG CRM
ZZH5,2026-07-17,100000,40000000.0,BDG.PT YOOSUNG CRM
ZZI1,2026-07-17,50000,15000000.0,JKT.PEJATEN VILLAGE CRM
ZZI1,2026-07-17,100000,20000000.0,JKT.PEJATEN VILLAGE CRM
ZZIO,2026-07-17,50000,200000000.0,MTN.CIMBN.CRM.SYARIAH MANDALIKA
ZZIO,2026-07-17,100000,400000000.0,MTN.CIMBN.CRM.SYARIAH MANDALIKA
ZZJF,2026-07-17,50000,140000000.0,JKT.EBL CENTRAL PARK CRM [VIP]
ZZG7,2026-07-17,50000,140000000.0,PWA.CRM.PT Honda
ZZJK,2026-07-17,50000,10000000.0,JKT.ONE BELPARK FATMAWATI
ZZCT,2026-07-17,100000,50000000.0,BKS.SPBU 34-17414 JATI ASIH CRM-2
ZZCI,2026-07-17,100000,90000000.0,TGR.CRM.INDOMARET PERUM VILLA REGENCY
ZZAO,2026-07-17,100000,50000000.0,DPK.SPBU 34-16412 BEJI.CRM
ZZAS,2026-07-17,50000,140000000.0,JKT.PLAZA SENAYAN LEVEL 1.CRM
ZZAS,2026-07-17,100000,70000000.0,JKT.PLAZA SENAYAN LEVEL 1.CRM
ZZAX,2026-07-17,50000,5000000.0,BAL.CRM LEVEL 21 MALL
ZZAX,2026-07-17,100000,30000000.0,BAL.CRM LEVEL 21 MALL
ZZB0,2026-07-17,50000,20000000.0,JKT.TAMAN RASUNA SAID CRM
ZZB0,2026-07-17,100000,30000000.0,JKT.TAMAN RASUNA SAID CRM
ZZBE,2026-07-17,50000,140000000.0,BPN.CRM.YOVA MART
ZZBE,2026-07-17,100000,50000000.0,BPN.CRM.YOVA MART
ZZBG,2026-07-17,50000,5000000.0,JKT.APARTEMEN SOUTH HILLS
ZZCT,2026-07-17,50000,30000000.0,BKS.SPBU 34-17414 JATI ASIH CRM-2
ZZBG,2026-07-17,100000,20000000.0,JKT.APARTEMEN SOUTH HILLS
ZZBS,2026-07-17,100000,70000000.0,MDN.CRM.ALFAMART DAHLAN TANJUNG  (W094)
ZZBV,2026-07-17,50000,50000000.0,DL Kampus Fisip UI Depok CRM-3
ZZBV,2026-07-17,100000,280000000.0,DL Kampus Fisip UI Depok CRM-3
ZZBY,2026-07-17,50000,15000000.0,JYP.CIMBN.MALL JAYAPURA CRM
ZZBY,2026-07-17,100000,30000000.0,JYP.CIMBN.MALL JAYAPURA CRM
ZZCB,2026-07-17,50000,110000000.0,BKS.CRM.INDOMARET MUTIARA BEKASI JAYA (TGOR)
ZZCB,2026-07-17,100000,280000000.0,BKS.CRM.INDOMARET MUTIARA BEKASI JAYA (TGOR)
ZZCF,2026-07-17,50000,40000000.0,BKS.CRM.INDOMARET GEMALAPIK (TEV7)
ZZCF,2026-07-17,100000,280000000.0,BKS.CRM.INDOMARET GEMALAPIK (TEV7)
ZZCI,2026-07-17,50000,40000000.0,TGR.CRM.INDOMARET PERUM VILLA REGENCY
ZZBS,2026-07-17,50000,25000000.0,MDN.CRM.ALFAMART DAHLAN TANJUNG  (W094)
1013,2026-07-17,100000,110000000.0,BGR.SPBU34-16820 CIPUCANG
ZZZ9,2026-07-17,100000,280000000.0,JKT.DL MALL KOKAS CRM-1
A551,2026-07-17,50000,100000000.0,DBO.INDOMARET PONDOK MAJAPAHIT (FHHK)
8483,2026-07-17,50000,100000000.0,BTM.PANBIL MAL
8595,2026-07-17,50000,100000000.0,JKT.RS PONDOK INDAH
8945,2026-07-17,50000,100000000.0,PSR.SENTRA NIAGA PANDAAN PASURUAN
8972,2026-07-17,50000,100000000.0,SBY.RS SILOAM HOSPITALS
A011,2026-07-17,50000,100000000.0,BDG.PT CRI
A035,2026-07-17,50000,100000000.0,TGR.INDOMARET MENJANGAN PONDOK RANJI (FJX9)
2017,2026-07-17,50000,165000000.0,JKT.ALFAMIDI GEMPOL (NC07)
2018,2026-07-17,50000,100000000.0,TGR.ALFAMIDI KH DEWANTARA (MH31)
1032,2026-07-17,50000,100000000.0,BDG.SPBU34-41230 PANTURA KOTASARI
4068,2026-07-17,50000,320000000.0,SDA.GOLDEN STEP
A045,2026-07-17,50000,100000000.0,AMB.AMBON CITY CENTER
A052,2026-07-17,50000,110000000.0,SMG.SPBU 44-50208 KEDUNGMUNDU
1945,2026-07-17,50000,180000000.0,BAL.FUJI MF
2935,2026-07-17,50000,100000000.0,BDG.GRIYA JUNJUNAN
A520,2026-07-17,50000,100000000.0,BKS.ATM CENTER ALFA VILLA MUTIARA 3
A053,2026-07-17,50000,100000000.0,BTM.EITU SQUARE
8308,2026-07-17,50000,305000000.0,BTM.BATU AJI
8205,2026-07-17,50000,100000000.0,JKT.EBL MALL ARTHA GADING [VIP]
8126,2026-07-17,50000,100000000.0,JKT.RS. BRAWIJAYA
A419,2026-07-17,50000,100000000.0,MDN.RINGROAD CITY WALKS
A463,2026-07-17,50000,100000000.0,JKT.MRT ISTORA
A466,2026-07-17,50000,100000000.0,JKT.MRT DUKUH ATAS
A467,2026-07-17,50000,100000000.0,JKT.MRT HI
A468,2026-07-17,50000,100000000.0,JKT.MRT LEBAK BULUS
A473,2026-07-17,50000,100000000.0,SBY.GUNAWANGSA TIDAR
A490,2026-07-17,50000,180000000.0,MKS.PT.BOGATAMA MARINUSA
A527,2026-07-17,50000,100000000.0,BDG.APARTEMENT GATEWAY PASTEUR
A090,2026-07-17,50000,100000000.0,YOG.Sleman City Hall
6822,2026-07-17,50000,100000000.0,JKT.ALFA MIDI CIRACAS
6842,2026-07-17,50000,100000000.0,BGR.BOGOR TRADE MALL
6913,2026-07-17,50000,100000000.0,SMG.SWALAYAN MANGKANG
6921,2026-07-17,50000,100000000.0,JKT.PLAZA SENAYAN LEVEL 2 [VIP]
6969,2026-07-17,50000,100000000.0,PWK.SPBU44-53123 YOS SUDARSO
6982,2026-07-17,50000,100000000.0,PWK.KAMPUS BSI GEDUNG K6
8045,2026-07-17,50000,100000000.0,MDN.KAMPUNG BARU
A066,2026-07-17,50000,100000000.0,SMG.INDOMARET SAMPANGAN 2 (TVBJ)
4215,2026-07-17,50000,100000000.0,DPK.ALFAMIDI KAMPUNG SAWAH (SH55)
B364,2026-07-17,50000,130000000.0,BAL.Pepito Market Lovina
A914,2026-07-17,50000,100000000.0,BPN.Rapak Plaza
A875,2026-07-17,50000,100000000.0,YOG.SPBU 44-55115 SULTAN AGUNG
A874,2026-07-17,50000,215000000.0,KKA.PABRIK PT YUPI INDO JELLY GUM
A563,2026-07-17,50000,100000000.0,MLG.SPBU SHELL LAWANG
A634,2026-07-17,50000,105000000.0,SDA.ALFAMART TAMBAK  REJO WARU(U646)
A635,2026-07-17,50000,100000000.0,SDA.INDOMARET BY PASS BARU JUANDA 2(TJE4)
A667,2026-07-17,50000,100000000.0,BDG.INDOMARET GURUMINDA (FKTQ)
A673,2026-07-17,50000,100000000.0,KKA.INDOMARET SOLO-SMG KM16 (TTYY)
A891,2026-07-17,50000,335000000.0,SMG.SPBU 44-50218 MANGKANG
A675,2026-07-17,50000,120000000.0,CKP.SPBU 34-41305 PURWASARI
A682,2026-07-17,50000,100000000.0,BTG.INDOMARET PLELEN GRINGSING (TEXM)
A687,2026-07-17,50000,100000000.0,BDG.INDOMARET PANYILEUKAN (F346)
A717,2026-07-17,50000,100000000.0,TGR.ALFAMIDI LEGUTI (008H)
A764,2026-07-17,50000,100000000.0,SOL.INDOMARET NUSUKAN (TU17)
A801,2026-07-17,50000,100000000.0,KND.Living Plaza Kendari
A802,2026-07-17,50000,100000000.0,JKT.Ra Mampang Office
1111,2026-07-17,50000,185000000.0,SOL.SPBU44-57101 PABELAN
A676,2026-07-17,50000,100000000.0,DPK.INDOMARET PERMATA CIMANGGIS (F2SE)
A403,2026-07-17,50000,100000000.0,SLS SPBU 14.243490 MERDEKA
A893,2026-07-17,50000,100000000.0,SLG.SPBU 44-50706 PASAR SAPI
B585,2026-07-17,50000,100000000.0,MDN.Indomaret Flamboyan Raya (FL6W)
A960,2026-07-17,50000,100000000.0,SBY.SPBU SHELL KALIJUDAN
A966,2026-07-17,50000,100000000.0,CRB.Indomaret Kapuk (TTCB)
B252,2026-07-17,50000,100000000.0,DMI.Besta Plus Swalayan Dumai
B255,2026-07-17,50000,100000000.0,AMB.Apotik Natsepa
B257,2026-07-17,50000,100000000.0,TGR.Indomaret Mutiara Garuda (TBV6)
B349,2026-07-17,50000,100000000.0,PON.GAIA Bumi Raya City Mall
B372,2026-07-17,50000,100000000.0,BAL.CK MANGROVE
B588,2026-07-17,50000,100000000.0,ACH.SUZUYA MALL BANDA ACEH
A558,2026-07-17,50000,145000000.0,BYL.INDOMARET KALIYOSO (T0K0)
B389,2026-07-17,50000,110000000.0,TGR.Indomaret Raya Legok Karawaci 17 (TPOW)
B398,2026-07-17,50000,100000000.0,BAL. Indomaret Canggu 1 ( T4AA )
B462,2026-07-17,50000,100000000.0,TGR.Priskila Prima Makmur
B535,2026-07-17,50000,100000000.0,JKT.Indomaret Gunung Sahari 2 (T79D)
B545,2026-07-17,50000,100000000.0,MDN.SPBU 14203184 Tembung Pasar V
B563,2026-07-17,50000,100000000.0,JKT.KCIC Stasiun Halim
B565,2026-07-17,50000,100000000.0,MLG.Universitas Negeri Malang
B386,2026-07-17,50000,100000000.0,BDG.Nirwana Alabare Garment
A814,2026-07-17,50000,100000000.0,BJS.DUTA MALL
A380,2026-07-17,50000,100000000.0,PKB.SUZUYA SUPERSTORE & HOTEL
A067,2026-07-17,50000,350000000.0,SMG.INDOMARET KARANGAWEN (T19U)
3518,2026-07-17,50000,100000000.0,SMG.SPBU44-50126 TLOGOSARI
1496,2026-07-17,50000,100000000.0,JKT.INDOMARET F763 DELMAN UTAMA
1614,2026-07-17,50000,100000000.0,JKT.STASIUN KA SUDIRMAN
1533,2026-07-17,50000,100000000.0,TGR.SPBU34-15316 BSD CITY
1606,2026-07-17,50000,100000000.0,PWA.SPBU34-41327 BCI KALIURIP
1582,2026-07-17,50000,245000000.0,BDG.KOMPLEKS PINUS REGENCY
1565,2026-07-17,50000,100000000.0,JKT.SILOAM HOSPITAL TB.SIMATUPANG
3853,2026-07-17,50000,315000000.0,BKS.SPBU 34-17514 MM2100
1396,2026-07-17,50000,115000000.0,PKL.KPB GROSIR SWALAYAN
1393,2026-07-17,50000,100000000.0,SBY.PETROKIMIA K3PG
1266,2026-07-17,50000,100000000.0,JKT.SPBU34-10206 BINTANG LIMA
2045,2026-07-17,50000,100000000.0,MKS.MALL RATU INDAH
2003,2026-07-17,50000,100000000.0,TGR.ALFAMIDI BUMI ASRI PASAR KEMIS (MH28)
4009,2026-07-17,50000,100000000.0,BKS.ATM CENTER KLINIK WIJAYANTI
1883,2026-07-17,50000,100000000.0,DPK.SPBU31-16401 COCO MARGONDA
1485,2026-07-17,50000,100000000.0,BTM.MEGA MALL 1 [VIP]
3684,2026-07-17,50000,100000000.0,CRB.RS SUMBER WARAS CIWARINGIN
3756,2026-07-17,50000,270000000.0,BAL.INDOMARET KEDEWATAN
1621,2026-07-17,50000,100000000.0,YOG.SPBU44-55506 GODEAN
3130,2026-07-17,50000,100000000.0,MND.JUMBO SUPERMARKET
1118,2026-07-17,50000,100000000.0,JKT.GRAND LUCKY STORE
4199,2026-07-17,50000,155000000.0,SMG.INDOMARET KALIWUNGU 2 (TU49)
3580,2026-07-17,50000,100000000.0,BTM.BCS MALL
3113,2026-07-17,50000,100000000.0,SMG.SPBU44-50118 SOEKARNO-HATTA
1261,2026-07-17,50000,110000000.0,SOL.TOKO 40 GETAN
1414,2026-07-17,50000,100000000.0,BLR.SPBU54-66103 BLITAR
3206,2026-07-17,50000,100000000.0,SBY.INDOMARET T6EC BUMI INDAH
3838,2026-07-17,50000,100000000.0,MDU.SUCCESS WAREHOUSE MADIUN
3825,2026-07-17,50000,100000000.0,JKT.RS PURI INDAH
3497,2026-07-17,50000,100000000.0,JKT.PIM II - 4 [VIP]
3801,2026-07-17,50000,100000000.0,JKT.ALFAMIDI PENGGILINGAN (SC56)
3504,2026-07-17,50000,100000000.0,JKT.WISMA BNI [VIP]
1656,2026-07-17,50000,195000000.0,TGL.TEH SOSRO [INDUSTRI]
1623,2026-07-17,50000,100000000.0,DPK.STASIUN KA DEPOK BARU
3761,2026-07-17,50000,280000000.0,BYL.INDOMARET GAGAKSIPAT ( FOKS)
1677,2026-07-17,50000,150000000.0,PWA.INDOMARET TRNN CIREOG
1558,2026-07-17,50000,100000000.0,PWK.SPBU44-53127 PAHLAWAN
3213,2026-07-17,50000,100000000.0,YOG.SPBU44-57401 PANDANSIMPING
3224,2026-07-17,50000,100000000.0,YOG.STIE WIDYA WIWAHA
3212,2026-07-17,50000,100000000.0,SOL.SPBU44-57421 MERBABU KLATEN
B603,2026-07-17,50000,100000000.0,MKS.SPBU 74-90103 Cendrawasih
4229,2026-07-17,50000,100000000.0,TGR.INDOMARET FORTUNE (TEY7)
A377,2026-07-17,50000,100000000.0,PSI.SUZUYA SUTOMO P.SIANTAR
A092,2026-07-17,50000,165000000.0,KRW.ALFAMIDI PERUMNAS 2 KARAWANG (VC69)
2028,2026-07-17,50000,100000000.0,JKT.INDOMARET DAAN MOGOT ESTATE (T3NA)
A157,2026-07-17,50000,100000000.0,TGR.Indomaret Graha Bintaro 4 (FF34)
1745,2026-07-17,50000,100000000.0,SOL.SOLO SQUARE
A172,2026-07-17,50000,100000000.0,JKT.INDOMARET KRAMAT SENTIONG (F126)
A206,2026-07-17,50000,100000000.0,SBY.Indomaret Kebraon 5b (TIOK)
A275,2026-07-17,50000,100000000.0,BGR.INDOMARET PALM HILL STL(FRGB)
A314,2026-07-17,50000,100000000.0,YOG.GALERIA MALL
A364,2026-07-17,50000,100000000.0,BGR.INDOMARET RW KALONG MEGA EMAS(FIHH)
A368,2026-07-17,50000,100000000.0,AMB.RM SARI RASA II GUEST HOUSE & RESTO
A375,2026-07-17,50000,100000000.0,ACH.SUZUYA MALL BIREUEN
A378,2026-07-17,50000,100000000.0,MDN.SUZUYA MALL R.PRAPAT
A180,2026-07-17,50000,100000000.0,JKT.Indomaret Karbela (TS96)
A379,2026-07-17,50000,100000000.0,MDN.SUZUYA SUPERSTORE R.PRAPAT
3376,2026-07-17,50000,100000000.0,PKB.MALL PEKANBARU
1809,2026-07-17,50000,190000000.0,MDN.SPBU14-2031149 LAUT DENDANG
1819,2026-07-17,50000,100000000.0,BKS.ALFAMART CB15 SUKARESMI
1299,2026-07-17,50000,100000000.0,JKT.APOTIK KIMIA FARMA 24
2007,2026-07-17,50000,100000000.0,BKS.ALFAMART EF06 RADAR KOMSEN
3963,2026-07-17,50000,130000000.0,BKS.SPBU 34-17302 CIBARUSAH
1310,2026-07-17,50000,100000000.0,SOL.GRAND MALL
3176,2026-07-17,50000,100000000.0,BKS.ATMC SEGITIGA PEJUANG
3254,2026-07-17,50000,100000000.0,JKT.ATMC ELVIA GUEST HOUSE
3349,2026-07-17,50000,100000000.0,SOL.GROGOL 128 SUKOHARJO
3953,2026-07-17,50000,305000000.0,SOL.SPBU 44.572.19 KALIJAMBE SRAGEN
3062,2026-07-17,50000,100000000.0,BDG.GRUTTY SHOES
3936,2026-07-17,50000,100000000.0,CRB.CSB MALL - 3
1811,2026-07-17,50000,100000000.0,JKT.SPBU34-13103 RAYA JATINEGARA
2290,2026-07-17,50000,100000000.0,MDN.MEDAN FAIR PLAZA 1
3927,2026-07-17,50000,100000000.0,BKS.ATM CENTER  BUMI CIKARANG MAKMUR
3902,2026-07-17,50000,255000000.0,DPS.SEMINYAK VILLAGE MALL
3339,2026-07-17,50000,100000000.0,PWK.MALL SADANG TERMINAL SQUARE
1972,2026-07-17,50000,100000000.0,JKT.ALFAMART K792 KARBELA 2
A815,2026-07-17,50000,100000000.0,PON.Mega Mall
A812,2026-07-17,50000,100000000.0,SDA.Indomaret 24 Jam TC Pilang(TJLP)
4208,2026-07-17,50000,100000000.0,BGR.ATM CENTER LIMUS PRATAMA
6408,2026-07-17,50000,100000000.0,JKT.ALFAMIDI WARAKAS 3
6361,2026-07-17,50000,100000000.0,BGR.ATM CENTER RODA PEMBANGUNAN
5180,2026-07-17,50000,320000000.0,BTM.FANINDO MART
6352,2026-07-17,50000,100000000.0,JKT.SPBU34-12103 SIMATUPANG
6187,2026-07-17,50000,100000000.0,BAL.MINIMART CANGGU
6133,2026-07-17,50000,170000000.0,CRB.SPBU 34-45123 PLERED
6097,2026-07-17,50000,100000000.0,MDN.Pusat Grosir Cathay
6034,2026-07-17,50000,140000000.0,SMG.INDOMARET RANDUGARUT
5992,2026-07-17,50000,230000000.0,RSU LATERSIA BINJAI
5939,2026-07-17,50000,100000000.0,SMG.SPBU 44-50113 NGALIYAN
5881,2026-07-17,50000,100000000.0,JKT.INDOMARET METLAND MENTENG
5863,2026-07-17,50000,100000000.0,BGR. ALFAMART RAYA TAJUR 5
5821,2026-07-17,50000,100000000.0,KPN. EL TARI INTERNATIONAL AIRPORT
6442,2026-07-17,50000,100000000.0,TGR.ALFA MIDI PONDOK CABE
5793,2026-07-17,50000,100000000.0,KRW.SPBU 34-41318 JATISARI II
5174,2026-07-17,50000,155000000.0,YOG.SPBU 44.574.16 SANGRAHAN PRAMBANAN
5147,2026-07-17,50000,100000000.0,BGR.ALFAMIDI ALFALAH
5141,2026-07-17,50000,100000000.0,TGR.ALFAMIDI CADAS KUKUN
4679,2026-07-17,50000,160000000.0,KDS.SPBU 43.593.18 BAE
4675,2026-07-17,50000,100000000.0,BKS.ATM CENTER SUMBER JAYA
4649,2026-07-17,50000,100000000.0,JKT.ALFAMIDI BENHIL
A834,2026-07-17,50000,100000000.0,SRG.ALFAMIDI PANIMBANG (MA07)
4644,2026-07-17,50000,100000000.0,JKT.ALFAMIDI DEWI SARTIKA
4617,2026-07-17,50000,100000000.0,CRB.STASIUN KERETA API
4593,2026-07-17,50000,100000000.0,PWK.RITA SUPER MALL
4555,2026-07-17,50000,250000000.0,BKS.ATM CENTER METLAND CIBITUNG
4502,2026-07-17,50000,100000000.0,BKS.ALFAMIDI PASIR RANDU
4464,2026-07-17,50000,100000000.0,BGR.INDOMARET PEMUDA GUNUNG SINDUR (FM1N)
6269,2026-07-17,50000,100000000.0,TGR.ALFA MIDI PERTIGAAN ASEM
6449,2026-07-17,50000,100000000.0,JKT.SPBU 34-10702 PANGERAN JAYAKARTA
6526,2026-07-17,50000,150000000.0,PKL.HOTEL NIRWANA
6563,2026-07-17,50000,100000000.0,BKS.SPBU34-17142 MUSTIKASARI
5657,2026-07-17,50000,130000000.0,BKS.INDOMARET BUMI CIKARANG MAKMUR 70
5655,2026-07-17,50000,100000000.0,BGR.INDOMARET CIBUNAR PARUNG PANJANG
5654,2026-07-17,50000,125000000.0,DPK.INDOMARET CILANGKAP 3
5651,2026-07-17,50000,100000000.0,DPK.INDOMARET RUKO ASTER
5646,2026-07-17,50000,100000000.0,DPK.INDOMARET ABDUL GHANI 2
5641,2026-07-17,50000,130000000.0,BGR.INDOMARET COCO GARDEN
5637,2026-07-17,50000,110000000.0,BGR.INDOMARET ABDUL GHANI CILODONG (TNXJ)
5598,2026-07-17,50000,100000000.0,YOG.ALFAMART TAMANTIRTO BANTUL
5533,2026-07-17,50000,100000000.0,BGR.ALFAMIDI KAPTEN YUSUF (SH58)
5509,2026-07-17,50000,100000000.0,BGR.INDOMARET JENGKOL PENGASINAN
5486,2026-07-17,50000,100000000.0,JKT.INDOMARET NANGKA
5468,2026-07-17,50000,100000000.0,BKS.ALFAMART TOPAZ 2
5453,2026-07-17,50000,110000000.0,TGR.ALFAMART PEUSAR CIKUPA 2
5412,2026-07-17,50000,100000000.0,BAL.ATM CENTER PEMOGAN
5369,2026-07-17,50000,100000000.0,JKT.INDOMARET KEMBANGAN 1
5367,2026-07-17,50000,100000000.0,BGR.ALFAMIDI PABUARAN CITAYAM
5360,2026-07-17,50000,100000000.0,BDG.YOGYA KOPO
5340,2026-07-17,50000,100000000.0,MDN.SUZUYA KP BARU
B592,2026-07-17,50000,100000000.0,BKS.Aeon Mall Deltamas
5304,2026-07-17,50000,100000000.0,MGL.SPBU 44.565.01 MENDUT
5240,2026-07-17,50000,100000000.0,SMG.SPBU DR CIPTO
5674,2026-07-17,50000,100000000.0,BKS.INDOMARET PESONA TAMAN MINI (T37N)
5727,2026-07-17,50000,160000000.0,CRB.SPBU 34.451.39 TALUN SUMBER
5760,2026-07-17,50000,100000000.0,BDG.YOGYA PAHLAWAN
5785,2026-07-17,50000,100000000.0,BKS.ALFAMIDI STASIUN CIKAMPEK
6645,2026-07-17,50000,220000000.0,BAL.NIRMALA SUPERMARKET JIMBARAN
6644,2026-07-17,50000,100000000.0,BAL.KAWASAN PARIWISATA KEDONGANAN
6624,2026-07-17,50000,100000000.0,LPG.SPBU SUTAMI
6594,2026-07-17,50000,170000000.0,BAL.SPBU54-80143 HANG TUAH
4429,2026-07-17,50000,100000000.0,BKS.INDOMARET SIMPANG KH MAS'UD
4399,2026-07-17,50000,105000000.0,DBO.INDOMARET KEMBANGARUM TCCD
4646,2026-07-17,50000,250000000.0,TGR.SPBU 34-15104 TAMAN CIBODAS
5013,2026-07-17,50000,110000000.0,JPR.SPBU 44-59415 MAYONG
5116,2026-07-17,50000,135000000.0,DBO.SPBU 44-59518 BANDUNGREJO
5109,2026-07-17,50000,100000000.0,MDN.SUZUYA PLAZA MARELAN
5098,2026-07-17,50000,100000000.0,MBI.SUZUYA PLAZA BINJAI
5097,2026-07-17,50000,100000000.0,MDN.SUZUYA PLAZA TANJUNG MORAWA
5069,2026-07-17,50000,100000000.0,BKS.ALFAMIDI CITRA GRAND CIBUBUR
5059,2026-07-17,50000,100000000.0,JKT.SPBU 34-10603 GUNUNG SAHARI
4388,2026-07-17,50000,100000000.0,BDG.GRIYA DINASTY
5002,2026-07-17,50000,100000000.0,"YOG.SPBU 44.557.10 & PUSAT OLEH"" CANDIMAS"
4798,2026-07-17,50000,100000000.0,MKS.INDOMARET DAENG TATA 22
4995,2026-07-17,50000,100000000.0,MDN.RSU SARAH
4958,2026-07-17,50000,100000000.0,SMG.REST AREA TOLL UNGARAN
4919,2026-07-17,50000,100000000.0,JKT.ALFAMIDI KALISARI 2 (VC70)
4918,2026-07-17,50000,100000000.0,JKT.ALFAMIDI TEBET RAYA
4891,2026-07-17,50000,100000000.0,TGR.RS PONDOK INDAH BINTARO
4886,2026-07-17,50000,160000000.0,JKT.ALFAMIDI MINANGKABAU (SC46)
4877,2026-07-17,50000,150000000.0,YOG.SPBU 44-57403 JONGGRANGAN KLATEN
4868,2026-07-17,50000,100000000.0,BJS.Q MALL BANJAR BARU
4861,2026-07-17,50000,310000000.0,BKS.INDOMARET CICAU RAYA (FAU0)
4858,2026-07-17,50000,100000000.0,TGR.INDOMARET DASANA INDAH
4847,2026-07-17,50000,100000000.0,JKT.INDOMARET KAMPUNG MELAYU BESAR
4987,2026-07-17,50000,100000000.0,DPK.SPBU 34-16417 TANAH BARU
4234,2026-07-17,50000,105000000.0,TGR.INDOMARET PANDAN RAYA (FWOC)
6774,2026-07-17,50000,100000000.0,BKS.ALFA MIDI PURI CENDANA
6834,2026-07-17,50000,100000000.0,BGR.SPBU34-16816 CILEUNGSI
A861,2026-07-17,50000,100000000.0,MKS.NIPAH MALL
A838,2026-07-17,50000,105000000.0,TGR.ALFAMIDI JATI MAUK (SH95)
4042,2026-07-17,50000,100000000.0,JKT.STASIUN KA KOTA
5125,2026-07-17,50000,100000000.0,SRG.ALFAMIDI ANYER 2 (BA13)
5135,2026-07-17,50000,100000000.0,SMG.ALFAMART NGALIYAN 2 H402
4193,2026-07-17,50000,170000000.0,SMG.SPBU 44.501.32 WOLTER MONGINSIDI
4778,2026-07-17,50000,160000000.0,CRB.BATIK TRUSMI
4322,2026-07-17,50000,100000000.0,YOG.RAMAI MALL MALIOBORO
4327,2026-07-17,50000,190000000.0,BDG.INDOMARET PATAL BANJARAN (FAZH)
4286,2026-07-17,50000,125000000.0,SOL.SPBU 44.571.08 VETERAN
4244,2026-07-17,50000,100000000.0,BKS.SPBU 33-17801 GAJAH MUNGKUR
4407,2026-07-17,50000,100000000.0,BDG.PLAZA ASIA SUMEDANG
4356,2026-07-17,50000,100000000.0,BKS.INDOMARET SEROJA 4
4315,2026-07-17,50000,100000000.0,SMG.INDOMARET MIJEN
4362,2026-07-17,50000,100000000.0,TPN.TANJUNG PINANG CITY CENTRE
4836,2026-07-17,50000,100000000.0,BGR.ALFAMIDI BANGBARUNG
6767,2026-07-17,50000,100000000.0,BKS.SPBU34-17526 JABABEKA CIKARANG
4303,2026-07-17,50000,100000000.0,DPS.ATM CENTER BINTANG MART
5806,2026-07-18,50000,240000000.0,TGR.INDOMARET DASANA PERMAI I
ZZ15,2026-07-18,50000,25000000.0,JKT.EBL GRAND INDONESIA CRM 2 [VIP]
3218,2026-07-18,50000,240000000.0,SMG.INDOMARET FF21 ABD.RAHMAN SALEH
8383,2026-07-18,50000,125000000.0,BAL.PEPITO SUPERMARKET
6245,2026-07-18,50000,380000000.0,KKA.AYAM RESTO KARANGANYAR
1967,2026-07-18,50000,400000000.0,BKS.SPBU34-17309 CIBARUSAH
6295,2026-07-18,50000,120000000.0,TPL.SPBU 44.52309 TAMAN
6596,2026-07-18,50000,145000000.0,BAL.SPBU54-805021 UBUD
ZZ15,2026-07-18,100000,280000000.0,JKT.EBL GRAND INDONESIA CRM 2 [VIP]
3453,2026-07-18,50000,135000000.0,MDN.SPBU GATOT SUBROTO
6468,2026-07-18,50000,340000000.0,TGR.SPBU34-15406 RS SOEROSO
ZZ11,2026-07-18,100000,280000000.0,JKT.EBL PACIFIC PLACE CRM 2 [VIP]
5599,2026-07-18,50000,220000000.0,YOG.ALFAMART BUGISAN BANTUL
ZZ0O,2026-07-18,50000,75000000.0,JKT.SPBU34-11612 KEMBANG KEREP CRM
1571,2026-07-18,50000,220000000.0,YOG.CV.MAJU LANCAR
5545,2026-07-18,50000,265000000.0,BKS.SPBU 34-17143 CIKUNIR
A056,2026-07-18,50000,350000000.0,BDG.SPBU 34-40229 BATUJAJAR
6357,2026-07-18,50000,280000000.0,BGR.SPBU 34-16614 PASIRKUDA CIOMAS
ZZ2J,2026-07-18,50000,70000000.0,DPK.ATM CENTER PERMATA CIMANGGIS CRM
6478,2026-07-18,50000,125000000.0,MLG.HOTEL SAVANA
6529,2026-07-18,50000,115000000.0,BAL.SPBU54-80303 KUTA
5773,2026-07-18,50000,295000000.0,BDG.WORLD KNK SURYA ANUGERAH
H124,2026-07-18,100000,280000000.0,JKT.SPBU 34-13101 Prumpung
6141,2026-07-18,50000,340000000.0,BDG.PT GISTEX NANJUNG
ZZ11,2026-07-18,50000,30000000.0,JKT.EBL PACIFIC PLACE CRM 2 [VIP]
ZZ0R,2026-07-18,50000,60000000.0,TGR.INDOMARET SPBU34-15319 ALAM SUTERA CRM
8703,2026-07-18,50000,220000000.0,MLG.SPBU SAWOJAJAR
6610,2026-07-18,50000,400000000.0,BAL.INDOMARET TANJUNG BENOA
6609,2026-07-18,50000,205000000.0,BAL.CELUK TRADE CENTER
ZZ22,2026-07-18,50000,25000000.0,JKT.EBL CENTRAL PARK CRM 1 [VIP]
ZZ08,2026-07-18,50000,140000000.0,TGR.EBL SUPERMALL KARAWACI CRM 2 [VIP]
6204,2026-07-18,50000,240000000.0,BKS.SPBU34-17416 KODAU
ZZ08,2026-07-18,100000,130000000.0,TGR.EBL SUPERMALL KARAWACI CRM 2 [VIP]
ZZ09,2026-07-18,50000,140000000.0,TGR.EBL SUPERMALL KARAWACI CRM 3 [VIP]
ZZ22,2026-07-18,100000,280000000.0,JKT.EBL CENTRAL PARK CRM 1 [VIP]
3196,2026-07-18,50000,375000000.0,BTM.SPBU14-29471 KABIL
ZZ03,2026-07-18,100000,190000000.0,JKT.EBL PIM II CRM 1 [VIP]
5458,2026-07-18,50000,400000000.0,BKS.ALFAMART GRAMAPURI PERSADA
6608,2026-07-18,50000,260000000.0,BAL.CENING BAGUS
5467,2026-07-18,50000,400000000.0,BKS.ALFAMART BUMI CIKARANG ASRI
2155,2026-07-18,50000,100000000.0,JMB.PRIMA MALL
6829,2026-07-18,50000,400000000.0,BGR.SPBU34-16913 GUNUNG PUTRI
ZZ2B,2026-07-18,100000,210000000.0,BGR.ATM CENTER LIMUS PRATAMA CRM
A385,2026-07-18,50000,245000000.0,SMG.SPBU 44.50138 PUCANG GADING
ZZ0R,2026-07-18,100000,280000000.0,TGR.INDOMARET SPBU34-15319 ALAM SUTERA CRM
6597,2026-07-18,50000,175000000.0,BAL.SM KARYA SARI
ZZ03,2026-07-18,50000,35000000.0,JKT.EBL PIM II CRM 1 [VIP]
6086,2026-07-18,50000,400000000.0,MTN.VILLA QUEEN
A025,2026-07-18,50000,400000000.0,BGR.INDOMARET CICADAS WANAHERANG (FWL8)
8566,2026-07-18,50000,240000000.0,MDN.SWALAYAN JODOH CENTRE
6469,2026-07-18,50000,400000000.0,BGR.SPBU34-16802 JONGGOL SEGITIGA
ZZ09,2026-07-18,100000,100000000.0,TGR.EBL SUPERMALL KARAWACI CRM 3 [VIP]
6201,2026-07-18,50000,245000000.0,KRW.SPBU34-41344 KARAWANG
ZZ2B,2026-07-18,50000,140000000.0,BGR.ATM CENTER LIMUS PRATAMA CRM
ZZ0O,2026-07-18,100000,280000000.0,JKT.SPBU34-11612 KEMBANG KEREP CRM
3487,2026-07-18,50000,315000000.0,BDG.KAWASAN INDUSTRI CIMAREME 2 [INDUSTRI]
ZZ2U,2026-07-18,50000,140000000.0,TGR.SPBU34-15109 JATAKE CRM
ZZVS,2026-07-18,50000,200000000.0,JKT.CRM.SPBU 34-11507 Kebon Jeruk
ZZUT,2026-07-18,100000,280000000.0,DBO.CRM.SPBU 44-59525 Larizo
ZZUT,2026-07-18,50000,200000000.0,DBO.CRM.SPBU 44-59525 Larizo
ZZUQ,2026-07-18,100000,280000000.0,MTN.CRM.Sade Village
ZZUQ,2026-07-18,50000,200000000.0,MTN.CRM.Sade Village
ZZUM,2026-07-18,100000,280000000.0,BAL.CRM.SPBU 54-80317 KEROBOKAN
ZZUM,2026-07-18,50000,200000000.0,BAL.CRM.SPBU 54-80317 KEROBOKAN
ZZUL,2026-07-18,100000,280000000.0,JKT.CRM.ARION PLAZA
ZZUL,2026-07-18,50000,115000000.0,JKT.CRM.ARION PLAZA
ZZTQ,2026-07-18,100000,280000000.0,TGR.EBL AEON MALL CRM 4 [VIP]
ZZTQ,2026-07-18,50000,130000000.0,TGR.EBL AEON MALL CRM 4 [VIP]
ZZTK,2026-07-18,100000,280000000.0,DBO.CRM.INDOMARET SIWALAN (T883)
ZZTK,2026-07-18,50000,200000000.0,DBO.CRM.INDOMARET SIWALAN (T883)
ZZT0,2026-07-18,100000,280000000.0,JKT.INDOMARET T959 PLUS KAMBOJA CRM
ZZT0,2026-07-18,50000,75000000.0,JKT.INDOMARET T959 PLUS KAMBOJA CRM
ZZVS,2026-07-18,100000,280000000.0,JKT.CRM.SPBU 34-11507 Kebon Jeruk
ZZQW,2026-07-18,100000,280000000.0,SDA.CRM. Indomaret T2AW Sarirogo
ZZWH,2026-07-18,50000,200000000.0,JKT.SPBU 34-11710 Lingkar Luar Cengkareng Timur
ZZWL,2026-07-18,50000,150000000.0,JKT.CRM.SPBU 34-14206 Pegangsaan Dua
ZZZ0,2026-07-18,100000,280000000.0,BGR.ALFAMART PASAR BERSIH SENTUL CRM
ZZZ0,2026-07-18,50000,130000000.0,BGR.ALFAMART PASAR BERSIH SENTUL CRM
ZZYR,2026-07-18,100000,280000000.0,JKT.CRM.DL Mall Blok M Plaza -1
ZZYR,2026-07-18,50000,35000000.0,JKT.CRM.DL Mall Blok M Plaza -1
ZZYA,2026-07-18,100000,280000000.0,JKT.SPBU34-12504 CILANDAK
ZZYA,2026-07-18,50000,150000000.0,JKT.SPBU34-12504 CILANDAK
ZZY0,2026-07-18,100000,160000000.0,TGR.ALFAMIDI GREEN LAKE CORDOBA (SH10) CRM
ZZY0,2026-07-18,50000,140000000.0,TGR.ALFAMIDI GREEN LAKE CORDOBA (SH10) CRM
ZZXZ,2026-07-18,100000,280000000.0,DPK.SPBU 34-16404 SILIWANGI DEPOK
ZZXZ,2026-07-18,50000,195000000.0,DPK.SPBU 34-16404 SILIWANGI DEPOK
ZZXT,2026-07-18,100000,280000000.0,JKT.SPBU34-10605 SUPRAPTO
ZZXT,2026-07-18,50000,165000000.0,JKT.SPBU34-10605 SUPRAPTO
ZZXS,2026-07-18,100000,280000000.0,JKT.SPBU34-11510 ARTERI KEDOYA
ZZXS,2026-07-18,50000,145000000.0,JKT.SPBU34-11510 ARTERI KEDOYA
ZZWL,2026-07-18,100000,280000000.0,JKT.CRM.SPBU 34-14206 Pegangsaan Dua
ZZWH,2026-07-18,100000,280000000.0,JKT.SPBU 34-11710 Lingkar Luar Cengkareng Timur
ZZ2J,2026-07-18,100000,150000000.0,DPK.ATM CENTER PERMATA CIMANGGIS CRM
ZZQW,2026-07-18,50000,200000000.0,SDA.CRM. Indomaret T2AW Sarirogo
ZZO8,2026-07-18,50000,140000000.0,SMG.SPBU 44-50113 NGALIYAN CRM
ZZAP,2026-07-18,100000,110000000.0,BGR.SPBU 34.161.20 SHOLEH ISKANDAR.CRM
ZZAP,2026-07-18,50000,140000000.0,BGR.SPBU 34.161.20 SHOLEH ISKANDAR.CRM
ZZ6V,2026-07-18,100000,180000000.0,BTM.NAGOYA HILL BATAM CRM
ZZ6V,2026-07-18,50000,140000000.0,BTM.NAGOYA HILL BATAM CRM
ZZ6E,2026-07-18,100000,280000000.0,SOL.SEKOLAH PELITA NUSANTARA SOLO CRM
ZZ6E,2026-07-18,50000,95000000.0,SOL.SEKOLAH PELITA NUSANTARA SOLO CRM
ZZ69,2026-07-18,100000,280000000.0,YOG.SPBU44-55505 NGAGLIK CRM
ZZ69,2026-07-18,50000,90000000.0,YOG.SPBU44-55505 NGAGLIK CRM
ZZ65,2026-07-18,100000,280000000.0,BKS.SPBU34-17503 GATSU CIKARNG CRM
ZZ65,2026-07-18,50000,170000000.0,BKS.SPBU34-17503 GATSU CIKARNG CRM
ZZ5Z,2026-07-18,100000,280000000.0,SLG.SPBU 44-50117 OSAMALIKI CRM
ZZ5Z,2026-07-18,50000,85000000.0,SLG.SPBU 44-50117 OSAMALIKI CRM
ZZ53,2026-07-18,100000,190000000.0,BKS.LEGENDA PARK CRM
ZZ53,2026-07-18,50000,140000000.0,BKS.LEGENDA PARK CRM
ZZ2U,2026-07-18,100000,220000000.0,TGR.SPBU34-15109 JATAKE CRM
ZZAR,2026-07-18,50000,140000000.0,DPK.RB SUMBER BAHAGIA.CRM
ZZO8,2026-07-18,100000,110000000.0,SMG.SPBU 44-50113 NGALIYAN CRM
ZZAR,2026-07-18,100000,160000000.0,DPK.RB SUMBER BAHAGIA.CRM
ZZAS,2026-07-18,100000,280000000.0,JKT.PLAZA SENAYAN LEVEL 1.CRM
ZZNL,2026-07-18,100000,280000000.0,SDA. INDOMARET KRIAN-3 CRM
ZZNL,2026-07-18,50000,200000000.0,SDA. INDOMARET KRIAN-3 CRM
ZZMD,2026-07-18,100000,280000000.0,YOG.DL.CRM.MALL MALIOBORO -2
ZZMD,2026-07-18,50000,55000000.0,YOG.DL.CRM.MALL MALIOBORO -2
ZZLT,2026-07-18,100000,170000000.0,BAL.CRM SPBU 54-80306 KEROBOKAN KELOD
ZZLT,2026-07-18,50000,140000000.0,BAL.CRM SPBU 54-80306 KEROBOKAN KELOD
ZZLS,2026-07-18,100000,280000000.0,BTM.CRM.PASAR SWALAYAN JODOH CENTRE BATAM
ZZLS,2026-07-18,50000,200000000.0,BTM.CRM.PASAR SWALAYAN JODOH CENTRE BATAM
ZZLQ,2026-07-18,100000,280000000.0,CRB.CRM.INDOMARET TUPAREV32 (TJBJ)
ZZLQ,2026-07-18,50000,70000000.0,CRB.CRM.INDOMARET TUPAREV32 (TJBJ)
ZZJC,2026-07-18,100000,280000000.0,JKT.EBL PIM II CRM 4 [VIP]
ZZJC,2026-07-18,50000,85000000.0,JKT.EBL PIM II CRM 4 [VIP]
ZZIW,2026-07-18,100000,60000000.0,JKT.EBL GRAND INDONESIA CRM [VIP]
ZZIW,2026-07-18,50000,140000000.0,JKT.EBL GRAND INDONESIA CRM [VIP]
H124,2026-07-18,50000,195000000.0,JKT.SPBU 34-13101 Prumpung
ZZAS,2026-07-18,50000,50000000.0,JKT.PLAZA SENAYAN LEVEL 1.CRM
A065,2026-07-18,50000,310000000.0,SMG.ALFAMIDI SENDANGMULYO SDMY (SI42)
A784,2026-07-18,100000,520000000.0,MTN.CIMBN.SYARIAH MANDALIKA
6390,2026-07-18,50000,210000000.0,BKS.SPBU34-17140 KALIABANG
B357,2026-07-18,50000,245000000.0,MLG.Indomaret Mondoroko 114 (FKHP)
8968,2026-07-18,100000,740000000.0,BAL.BINTANG SEMINYAK
3141,2026-07-18,100000,400000000.0,PUL.PT.ROYAL KORINDAH
B358,2026-07-18,50000,100000000.0,BAL.Minimart Drupadi 3 Seminyak
H036,2026-07-18,50000,90000000.0,MLG.PLAZA DIENG PLAZA CRM
6638,2026-07-18,100000,470000000.0,MDN.SPBU MARI GROUP MEDAN
H036,2026-07-18,100000,280000000.0,MLG.PLAZA DIENG PLAZA CRM
4689,2026-07-18,50000,265000000.0,SDA.SPBU 54.612.10 BRIGJEND KATAMSO
A130,2026-07-18,100000,210000000.0,BAL.LIPPO MALL KUTA
1477,2026-07-18,50000,200000000.0,MDN.RSU ARTHA MEDICA
4686,2026-07-18,50000,350000000.0,MDN.SPBU MARI GROUP MEDAN -2
4401,2026-07-18,50000,150000000.0,TGL.SPBU 44.521.02 TEKSIN
3898,2026-07-18,50000,325000000.0,SMG.PABRIK PT. SIDOMUNCUL -2
4006,2026-07-18,50000,240000000.0,BKS.SPBU 34-17114 CUT MUTIA
4397,2026-07-18,50000,265000000.0,SOL.RS NIRMALA SURI
4392,2026-07-18,50000,180000000.0,PKL.SPBU 44.511.01 KALIBANGER
4141,2026-07-18,50000,160000000.0,MBI.SPBU 14.203.176 PAYA GELI
H056,2026-07-18,50000,60000000.0,SMG.SPBU44-50126 TLOGOSARI CRM
H056,2026-07-18,100000,280000000.0,SMG.SPBU44-50126 TLOGOSARI CRM
1289,2026-07-18,50000,260000000.0,PSR.SINAR PANGAN SEJAHTRA
4999,2026-07-18,50000,155000000.0,YOG.PT YOGYA PRESISI TEKHNIKATAMA [INDUSTRI]
A571,2026-07-18,50000,400000000.0,BKS.CLUSTER 139 CIANTRA
A845,2026-07-18,50000,400000000.0,BAL.DEPO BANGUNAN
6629,2026-07-18,100000,500000000.0,SPBU PLATINA TITI PAPAN
4660,2026-07-18,50000,245000000.0,BKS.ALFAMART KAMPUNG KANDANG
6566,2026-07-18,100000,360000000.0,KRW.SPBU34-41651 KOSAMBI
5746,2026-07-18,50000,305000000.0,SDA. INDOMARET TANGGULANGIN-3
A611,2026-07-18,100000,170000000.0,BAL.INDOMARET BRABAN (TOCE)
3657,2026-07-18,50000,195000000.0,SOL.RS.DR.OEN SOLOBARU
B428,2026-07-18,50000,210000000.0,BYL.Indomaret Bangak (FYUK)
4334,2026-07-18,50000,100000000.0,DPS.ATM CENTER PEPITO DEWI SRI KUTA
5090,2026-07-18,50000,240000000.0,BAL.CIRCLE K PADMA UTARA
1051,2026-07-18,50000,295000000.0,TGR.SPBU34-15143 OTISTA GRENDENG
1392,2026-07-18,50000,100000000.0,MDN.HOTEL ELITE
A303,2026-07-18,100000,380000000.0,BAL.POPULAR SANUR INTARAN
A391,2026-07-18,100000,170000000.0,BAL.SIDEWALK JIMBARAN MALL
4183,2026-07-18,100000,320000000.0,SLW.PT GOPEK CIPTA UTAMA (PABRIK THE GOPEK)
4961,2026-07-18,100000,420000000.0,BAL.NIRMALA MAS UBUD
4608,2026-07-18,50000,400000000.0,MDN.SWALAYANANUGERAH MARTUBUNG
1253,2026-07-18,50000,270000000.0,MBI.SPBU14-2031117 BINJAI
A540,2026-07-18,50000,290000000.0,BGR.ALFAMIDI JONGGOL (VC61)
A264,2026-07-18,100000,590000000.0,MTN.Indomaret Kuta 1 Lombok (Tutt)
1143,2026-07-18,50000,105000000.0,BAL.KRISNA TUBAN
4071,2026-07-18,50000,260000000.0,BTM.INDOMARET GRAHA KDA
4651,2026-07-18,50000,215000000.0,JKT.ALFAMIDI JOHAR BARU
B274,2026-07-18,50000,400000000.0,MTN.ATM SPBU 54.83514 Mandalika
A002,2026-07-18,100000,800000000.0,BAL.PADMA HOTEL
1539,2026-07-18,100000,260000000.0,BGR.PT INDOKORDSA 2
6139,2026-07-18,100000,170000000.0,TPL.SPBU 43-52313 ALUN-ALUN
4800,2026-07-18,50000,400000000.0,BGR.PT INDOKORDSA 1
H057,2026-07-18,50000,140000000.0,SMG.SPBU44-50214 KALIGARANG CRM
5824,2026-07-18,100000,100000000.0,BAL.ATM CENTER PEPITO UMALAS
1063,2026-07-18,50000,355000000.0,TGR.SPBU34-16314 SUKAMANDI
1371,2026-07-18,50000,400000000.0,SBY.TANJUNG SARI WANGTA 2
4906,2026-07-18,50000,260000000.0,BKS.INDOMARET GRAHA PRIMA BOULEVARD
H089,2026-07-18,50000,80000000.0,JKT.PURI INDAH OFFICE TOWER 2 CRM
4684,2026-07-18,50000,305000000.0,PSR.ELSON BERNARDI
6651,2026-07-18,50000,175000000.0,CRB.SPBU34-45515 KUNINGAN
1022,2026-07-18,50000,235000000.0,TGR.SPBU34-15509 KOTA BUMI
A243,2026-07-18,50000,105000000.0,BDG.INDOMARET GERLONG HILIR 172 ( TFRG)
H107,2026-07-18,50000,200000000.0,SOL.RS.DR.OEN CRM
H107,2026-07-18,100000,280000000.0,SOL.RS.DR.OEN CRM
1086,2026-07-18,50000,240000000.0,BAL.CIRCLE K DANAU POSO
6452,2026-07-18,50000,400000000.0,BDG.PT SUPERBTEX [INDUSTRI]
5638,2026-07-18,50000,145000000.0,BGR.INDOMARET BUKIT WARINGIN
A149,2026-07-18,50000,285000000.0,PKL.PT UNGGUL JAYA SEJAHTERA
A105,2026-07-18,50000,400000000.0,TGR.ALFAMIDI TIGARAKSA (BA75)
1786,2026-07-18,50000,305000000.0,BDG.TOSERBA BORMA BOJOSOANG
8152,2026-07-18,50000,315000000.0,SBY.MIWON 2 [INDUSTRI]
6407,2026-07-18,50000,295000000.0,DPK.SPBU34-16512 LIMO RAYA
H067,2026-07-18,100000,230000000.0,SMG.ALFAMIDI KARANGREJO KGO (SI09) CRM
H067,2026-07-18,50000,140000000.0,SMG.ALFAMIDI KARANGREJO KGO (SI09) CRM
H089,2026-07-18,100000,280000000.0,JKT.PURI INDAH OFFICE TOWER 2 CRM
4606,2026-07-18,50000,200000000.0,MBI.SPBU SUKARAMAI BINJAI BARAT
4945,2026-07-18,50000,320000000.0,SLG.SPBU 44-50714 PATIMURA
4893,2026-07-18,50000,240000000.0,DPK.INDOMARET PONDOK PETIR RAYA
H062,2026-07-18,50000,140000000.0,SOL.PALUR PLAZA MALL CRM
5250,2026-07-18,50000,110000000.0,YOG.UAJ 2
4942,2026-07-18,50000,245000000.0,MDN.MAWAR BAKERY & OKE SWALAYAN TANJUNG MORAWA
1537,2026-07-18,50000,125000000.0,SOL.SPBU44-0571017 KAPTEN MULYADI
4956,2026-07-18,50000,275000000.0,MDN.SPBU 14.202.143 TANAH 600
H057,2026-07-18,100000,120000000.0,SMG.SPBU44-50214 KALIGARANG CRM
A805,2026-07-18,50000,340000000.0,BDG.ALFAMART UTAMA (N213)
H062,2026-07-18,100000,340000000.0,SOL.PALUR PLAZA MALL CRM
1338,2026-07-18,50000,220000000.0,MDN.SPBU14-2011150 KASUARI
4371,2026-07-18,50000,190000000.0,MLG.INDOMARET WENDIT
3911,2026-07-18,50000,100000000.0,PDG. BANDARA MINANG KABAU INT
4253,2026-07-18,50000,305000000.0,TGR.SPBU 34-15304 SURADITA CISAUK
A877,2026-07-19,50000,205000000.0,MKS.SPBU 74-90295 TALASALAPANG
ZZLS,2026-07-19,50000,140000000.0,BTM.CRM.PASAR SWALAYAN JODOH CENTRE BATAM
ZZKG,2026-07-19,100000,100000000.0,BDG.CRM.SPBU 34-40131 GARUDA
1254,2026-07-19,50000,285000000.0,MDN.SPBU14-2011102 KELAMBIR V
A906,2026-07-19,50000,235000000.0,CRB.SPBU 34-45116 DHARSONO
1244,2026-07-19,50000,185000000.0,MDN.SPBU14-203155 TANJUNG MORAWA
A780,2026-07-19,50000,275000000.0,KDS.SPBU 44-58104 PANJANG
A772,2026-07-19,50000,125000000.0,YOG.INDOMARET HYBRID MALIOBORO (TX20)
A889,2026-07-19,50000,135000000.0,BDG.SPBU 34.40102 WASTUKENCANA
ZZCB,2026-07-19,100000,240000000.0,BKS.CRM.INDOMARET MUTIARA BEKASI JAYA (TGOR)
ZZ82,2026-07-19,50000,140000000.0,BAL.SPBU54-80112 AHMAD YANI CRM
ZZCB,2026-07-19,50000,140000000.0,BKS.CRM.INDOMARET MUTIARA BEKASI JAYA (TGOR)
ZZCE,2026-07-19,50000,190000000.0,TGR.CRM.INDOMARET PAJAJARAN (TE08)
ZZCE,2026-07-19,100000,280000000.0,TGR.CRM.INDOMARET PAJAJARAN (TE08)
ZZKG,2026-07-19,50000,140000000.0,BDG.CRM.SPBU 34-40131 GARUDA
ZZK2,2026-07-19,100000,160000000.0,SBY.SPBU.54.602.68  JOYOBOYO CRM
ZZD9,2026-07-19,50000,140000000.0,YOG.DL.ATMA JAYA CRM-2
ZZD9,2026-07-19,100000,60000000.0,YOG.DL.ATMA JAYA CRM-2
1367,2026-07-19,50000,340000000.0,JKT.SPBU34-12508 JAGAKARSA
ZZG5,2026-07-19,50000,140000000.0,BDG.SEKOLAH HARAPAN KASIH CRM
ZZG5,2026-07-19,100000,160000000.0,BDG.SEKOLAH HARAPAN KASIH CRM
ZZIO,2026-07-19,50000,140000000.0,MTN.CIMBN.CRM.SYARIAH MANDALIKA
ZZIO,2026-07-19,100000,400000000.0,MTN.CIMBN.CRM.SYARIAH MANDALIKA
ZZK2,2026-07-19,50000,140000000.0,SBY.SPBU.54.602.68  JOYOBOYO CRM
1904,2026-07-19,50000,260000000.0,JKT.SPBU34-11508 BENZINE PANJANG KELAPA2
6763,2026-07-19,50000,400000000.0,BKS.SPBU34-17541 TAMBUN
B362,2026-07-19,50000,100000000.0,BAL.Minimart UBUD 7
A446,2026-07-19,50000,210000000.0,TGR.INDOMARET AMARAPURA (TP38)
1447,2026-07-19,50000,265000000.0,BGR.SPBU34-16315 SERPONG PARUNG
1681,2026-07-19,50000,215000000.0,CRB.RS.PUTRA BAHAGIA
1725,2026-07-19,50000,260000000.0,BAL.PURI NAGA
1764,2026-07-19,50000,190000000.0,YOG.SPBU44-55514 SLEMAN
ZZLS,2026-07-19,100000,380000000.0,BTM.CRM.PASAR SWALAYAN JODOH CENTRE BATAM
A270,2026-07-19,50000,400000000.0,TGR.INDOMARET CEMPAKA MEGU ( TXZL )
A286,2026-07-19,50000,250000000.0,PLB.Indomaret Wahid Hasyim (TB89)
A685,2026-07-19,50000,200000000.0,MDN.REPA SWALAYAN
A154,2026-07-19,50000,260000000.0,YOG.INDOMARET SIDOAGUNG
A637,2026-07-19,50000,270000000.0,SMG.ALFAMART SPBU TEGAL PANAS (HA46)
A321,2026-07-19,50000,285000000.0,WLR. IM KUTOHARJO KALIWUNGU (FATB)
A498,2026-07-19,50000,230000000.0,KRW.SPBU 34-41357 CURUG KOSAMBI
1377,2026-07-19,50000,340000000.0,PSR.INDOMARET SUKEREJO1 T7JA PANDAAN
1107,2026-07-19,50000,315000000.0,TGR.LAWSON TAMAN KARAWACI
1092,2026-07-19,50000,370000000.0,SOL.ATMC MOJOSONGO
6901,2026-07-19,50000,400000000.0,BDG.YOGYA BANJARAN
1673,2026-07-19,50000,225000000.0,BAL.SPBU54-80333 MAMBAL
A614,2026-07-19,50000,315000000.0,BDG.SPBU 34-40259 SUDIRMAN 793
B359,2026-07-19,50000,225000000.0,BAL.MiniMart Oberoi II
6900,2026-07-19,50000,275000000.0,BDG.SINAR CONTINENTAL [INDUSTRI]
ZZ82,2026-07-19,100000,330000000.0,BAL.SPBU54-80112 AHMAD YANI CRM
1659,2026-07-19,50000,240000000.0,MDN.SPM.MANDIRI
A598,2026-07-19,50000,400000000.0,BKS.ATM CENTER SRC WAHANA CIKARANG
1482,2026-07-19,50000,400000000.0,BKS.RS.MEDIROSSA CIBARUSAH
1552,2026-07-19,50000,400000000.0,ABR.TOSERBA LARIS
ZZN8,2026-07-19,50000,175000000.0,CRB.INDOMARET TENGAH TANI 2 .CRM
4857,2026-07-19,50000,400000000.0,TGR.INDOMARET PERUM TIGARAKSA 2
ZZS2,2026-07-19,50000,140000000.0,MDN.KAMPUNG BARU CRM
5631,2026-07-19,50000,205000000.0,BGR.INDOMARET CERIAMART VILLA MUTIARA
5635,2026-07-19,50000,400000000.0,BGR.INDOMARET SENTUL NIRWANA
3452,2026-07-19,50000,400000000.0,MLG.SAMPOERNA 1 [INDUSTRI]
5658,2026-07-19,50000,345000000.0,BKS.INDOMARET CERIAMART PESONA ANGGREK
5809,2026-07-19,50000,115000000.0,PKY.MEGA TOP TRADE CENTER 1
3246,2026-07-19,50000,250000000.0,BAL.SPBU54-82117 METRA SARI TABANAN
5981,2026-07-19,50000,280000000.0,JKT.ALFAMIDI SWASEMBADA (SC84)
6061,2026-07-19,50000,210000000.0,BTM.PLAZA BOTANIA GARDEN
4599,2026-07-19,50000,205000000.0,MJK.INDOMARET NGORO
6131,2026-07-19,50000,195000000.0,PDG.PT PADANG RUMPUT HIJAU
4588,2026-07-19,50000,210000000.0,KRW.INDOMARET EXIT TOLL KARAWANG BARAT
5579,2026-07-19,50000,335000000.0,BDG.SPBU 34-40903 TERUSAN KOPO
5529,2026-07-19,50000,115000000.0,BDG.ATM PASKAL 23 HYPER SQUARE
3954,2026-07-19,50000,395000000.0,MGL.SPBU TEMPURAN ( 44 561 11 )
4837,2026-07-19,50000,400000000.0,BKS.ALFAMIDI MEGA REGENCY
3757,2026-07-19,50000,145000000.0,CRB.TOSERBA ASIA CIREBON
4982,2026-07-19,50000,240000000.0,JKT.ALFAMIDI KRAMAT JAYA
4778,2026-07-19,50000,325000000.0,CRB.BATIK TRUSMI
3483,2026-07-19,50000,250000000.0,JBG.SPBU54-61406 SOEKARNO-HATTA
5597,2026-07-19,50000,225000000.0,MBI.SPBU 14-2031145
3559,2026-07-19,50000,280000000.0,BAL.INDOMARET LOVINA 1
A477,2026-07-19,50000,185000000.0,SOL.SEKOLAH AL AZHAR SOLO BARU
A014,2026-07-19,50000,180000000.0,MLG.SPBU 54-65168 PAKIS
ZZYX,2026-07-19,100000,280000000.0,PDG.CRM.Theta Mart Baru (PC)
ZZYX,2026-07-19,50000,195000000.0,PDG.CRM.Theta Mart Baru (PC)
A027,2026-07-19,50000,330000000.0,BKS.INDOMARET TAMAN ALAMANDA (TSCE)
1269,2026-07-19,50000,380000000.0,SDA.SPBU54-61236 JENGGOLO
ZZYU,2026-07-19,100000,280000000.0,JKT.CRM.DL Mall Blok M Plaza -3
ZZYU,2026-07-19,50000,75000000.0,JKT.CRM.DL Mall Blok M Plaza -3
5188,2026-07-19,50000,400000000.0,BTM.SP MALL 2 BATU AJI BATAM
1872,2026-07-19,50000,250000000.0,TGR.SPBU34-15426 BENZINE MARTADINATA
1284,2026-07-19,50000,185000000.0,MDN.SPBU14-2011151 MENTENG RAYA
A816,2026-07-19,50000,105000000.0,KND.MAXCELL DEPO TEKNIK & BANGUNAN
1866,2026-07-19,50000,275000000.0,SDA.ALFAMART SB90 WARU
1346,2026-07-19,50000,175000000.0,MDN.SPBU14-202140 AR HAKIM
ZZYK,2026-07-19,100000,280000000.0,BGR.EBL.BOTANI SQUARE - 3. CRM [VIP]
ZZYK,2026-07-19,50000,60000000.0,BGR.EBL.BOTANI SQUARE - 3. CRM [VIP]
A493,2026-07-19,50000,400000000.0,BKS.ATM CENTER KLINIK SITI ZACHROH
4233,2026-07-19,50000,400000000.0,TGR.INDOMARET BUMI INDAH (FG3U)
1273,2026-07-19,50000,230000000.0,SBY.SPBU54-60110 NGAGEL
ZZN8,2026-07-19,100000,280000000.0,CRB.INDOMARET TENGAH TANI 2 .CRM
4977,2026-07-19,50000,200000000.0,JKT.SPBU 34-12805 KASABLANKA - 2
3876,2026-07-19,50000,355000000.0,BKS.SPBU COCO 31-17506 KAMPUNG BULUH
4128,2026-07-19,50000,400000000.0,BKS.ATM CENTER BUMI CITRA LESTARI
3171,2026-07-19,50000,400000000.0,BKS.SPBU34-17520 PASIR GOMBONG
4281,2026-07-19,50000,400000000.0,TGR.INDOMARET ARCADIA 2
ZZVX,2026-07-19,100000,280000000.0,JKT.CRM.SPBU 34-11608 - 2
ZZVX,2026-07-19,50000,200000000.0,JKT.CRM.SPBU 34-11608 - 2
6435,2026-07-19,50000,180000000.0,JKT.SPBU34-11608 PENGUMBEN
4503,2026-07-19,50000,295000000.0,TGR.ATM CENTER PRAMBANAN - 1
6628,2026-07-19,50000,315000000.0,MDN.SPBU MARELAN
6258,2026-07-19,50000,340000000.0,SOL.LUWES GENTAN CENTER PARK
4258,2026-07-19,50000,290000000.0,JKT.ALFAMIDI MUNCANG (SC66)
ZZUZ,2026-07-19,100000,280000000.0,JKT.SPBU 34-14404 Kapuk Raya
ZZUZ,2026-07-19,50000,200000000.0,JKT.SPBU 34-14404 Kapuk Raya
ZZUF,2026-07-19,100000,280000000.0,JKT.CRM.BUARAN REGENCY
ZZUF,2026-07-19,50000,165000000.0,JKT.CRM.BUARAN REGENCY
ZZTD,2026-07-19,100000,280000000.0,MDN.BERLIAN MOTOR
ZZTD,2026-07-19,50000,175000000.0,MDN.BERLIAN MOTOR
ZZS2,2026-07-19,100000,260000000.0,MDN.KAMPUNG BARU CRM
6497,2026-07-19,50000,265000000.0,JKT.SPBU34-11716 SUMUR BOR
4298,2026-07-19,50000,360000000.0,BDG.ATM CENTER BORMA PADALARANG
4197,2026-07-19,50000,270000000.0,SMG.INDOMARET TENTARA PELAJAR 95 (TRGM)
3129,2026-07-19,50000,215000000.0,BDG.BORMA SADANG SERANG CIKUTRA
5311,2026-07-19,50000,400000000.0,BDG. SPBU 34-40311 KAMASAN
3192,2026-07-19,50000,385000000.0,SDA.SPBU54-61232 TJIEWI BALONGBENDO
4951,2026-07-19,50000,400000000.0,DBO.CV FAMILI UTAMA SAYUNG
ZZXG,2026-07-19,100000,280000000.0,SMG.Indomaret Banjardowo (T8RT)
ZZXG,2026-07-19,50000,200000000.0,SMG.Indomaret Banjardowo (T8RT)
5399,2026-07-19,50000,275000000.0,JKT.SPBU 34-11711 ANGGREK
5409,2026-07-19,50000,395000000.0,BDG.SPBU 34-45307 CIBURALENG
3526,2026-07-19,50000,355000000.0,SMG.PABRIK PT.SIDOMUNCUL
5196,2026-07-19,50000,200000000.0,BAL.ARYS MIKRO BATANTA
4896,2026-07-19,50000,400000000.0,BGR.INDOMARET CIKAHURIPAN MAS
5438,2026-07-19,50000,400000000.0,BGR.SUPERINDO GUNUNG PUTRI
B399,2026-07-19,50000,120000000.0,BAL.Indomaret Pantai Kuta ( T9Z3 )
6238,2026-07-19,50000,350000000.0,BKS.SPBU34-17148 UJUNG HARAPAN
3787,2026-07-19,50000,400000000.0,SMG.KAWASAN INDUSTRI WIJAYAKUSUMA
6613,2026-07-19,50000,235000000.0,BAL.COLLECTION
6239,2026-07-19,50000,290000000.0,MDN.SPBU14-201145 KARYA
4345,2026-07-19,50000,400000000.0,BGR.ALFAMIDI RAYA KAMURANG
4155,2026-07-19,50000,295000000.0,KKA.PT JETAK MAKMUR LESTARI
5425,2026-07-19,50000,195000000.0,MDN.SPBU 14.201.1121 PETRO
2014,2026-07-19,50000,175000000.0,SOL.SPBU43-57101 KERTEN MANAHAN
8317,2026-07-19,50000,400000000.0,SBY.TANJUNG SARI WANGTA 1
B494,2026-07-19,50000,115000000.0,BAL.RS Surya Husadha Ubung
ZZ1Z,2026-07-19,50000,140000000.0,BGR.SPBU34-16315 SERPONG PARUNG
ZZ1Z,2026-07-19,100000,210000000.0,BGR.SPBU34-16315 SERPONG PARUNG
ZZ2P,2026-07-19,50000,200000000.0,TGR.SPBU34-15805 BOROBUDUR CRM
ZZ2P,2026-07-19,100000,280000000.0,TGR.SPBU34-15805 BOROBUDUR CRM
ZZ2Q,2026-07-19,50000,100000000.0,TGR.TOKO ARS MOTOR CRM
ZZ2Q,2026-07-19,100000,190000000.0,TGR.TOKO ARS MOTOR CRM
6122,2026-07-19,100000,390000000.0,TRAWANGAN NIRVANA
5410,2026-07-19,100000,200000000.0,BAL.CANGGU PLAZA
8106,2026-07-19,50000,400000000.0,MDN.KRAKATAU
4797,2026-07-19,100000,290000000.0,DPS. KAWAN MINIMART PATIMURA
4361,2026-07-19,100000,300000000.0,MDN.NASUBA OUTLET - 2
4505,2026-07-19,100000,490000000.0,TGR.INDOMARET RAYA RAJEG
4661,2026-07-19,100000,330000000.0,BGR.INDOMARET MERCEDEZ BENZ RAYA
4698,2026-07-19,100000,470000000.0,MTN.BLUE MARLIN GILI AIR
4699,2026-07-19,100000,300000000.0,MTN. KELAPA LUXURY VILLAS
4767,2026-07-19,100000,540000000.0,DPS. MERCURE HOTEL LEGIAN
4894,2026-07-19,100000,540000000.0,BGR.INDOMARET NAROGONG KM 26
5823,2026-07-19,100000,310000000.0,BAL.ATM CENTER PEPITO TEBONGKANG
4963,2026-07-19,100000,380000000.0,BAL.NIRMALA BALANGAN
3397,2026-07-19,100000,390000000.0,CRB.TEGAL WANGI
5325,2026-07-19,100000,300000000.0,MTN. TELUK NARA LOMBOK
5591,2026-07-19,100000,310000000.0,BAL.NYUH KUNING UBUD
6742,2026-07-19,100000,760000000.0,TGR.INDOMARET TB22 PASAR CEPLAK 2
ZZ1V,2026-07-19,100000,280000000.0,BKS.ATMC TAMAN NAROGONG CRM
1488,2026-07-19,100000,370000000.0,JKT.SPBU34-13903 PENGGILINGAN
ZZ1V,2026-07-19,50000,185000000.0,BKS.ATMC TAMAN NAROGONG CRM
ZZ1O,2026-07-19,50000,140000000.0,BKS.ATM CENTER RS PUTRA MEDIKA III CRM
H122,2026-07-19,50000,115000000.0,JKT.SPBU 34-12208 Ciputat Kebayoran Lama
H122,2026-07-19,100000,280000000.0,JKT.SPBU 34-12208 Ciputat Kebayoran Lama
H123,2026-07-19,50000,150000000.0,JKT.SPBU Benzine 34-11405 Palmerah Utara
H123,2026-07-19,100000,280000000.0,JKT.SPBU Benzine 34-11405 Palmerah Utara
H115,2026-07-19,100000,280000000.0,TPN.PASARAYA BINTAN CRM
H115,2026-07-19,50000,200000000.0,TPN.PASARAYA BINTAN CRM
ZZ07,2026-07-19,50000,55000000.0,TGR.EBL SUPERMALL KARAWACI CRM 1 [VIP]
ZZ07,2026-07-19,100000,280000000.0,TGR.EBL SUPERMALL KARAWACI CRM 1 [VIP]
ZZ0G,2026-07-19,50000,140000000.0,JKT.SPBU KEMANGGISAN CRM
ZZ0G,2026-07-19,100000,120000000.0,JKT.SPBU KEMANGGISAN CRM
H061,2026-07-19,100000,280000000.0,SOL.SPBU GEMBONGAN CRM
ZZ0O,2026-07-19,50000,140000000.0,JKT.SPBU34-11612 KEMBANG KEREP CRM
ZZ0O,2026-07-19,100000,120000000.0,JKT.SPBU34-11612 KEMBANG KEREP CRM
H061,2026-07-19,50000,110000000.0,SOL.SPBU GEMBONGAN CRM
ZZ10,2026-07-19,50000,140000000.0,JKT.EBL PACIFIC PLACE CRM 1 [VIP]
ZZ10,2026-07-19,100000,40000000.0,JKT.EBL PACIFIC PLACE CRM 1 [VIP]
ZZ19,2026-07-19,50000,70000000.0,TGR.EBL AEON MALL CRM 1 [VIP]
ZZ19,2026-07-19,100000,280000000.0,TGR.EBL AEON MALL CRM 1 [VIP]
9330,2026-07-19,50000,100000000.0,YOG.MIROTA KAMPUS
ZZ1H,2026-07-19,50000,175000000.0,BKS.SPBU34-17133 PERUMNAS CRM
ZZ1H,2026-07-19,100000,280000000.0,BKS.SPBU34-17133 PERUMNAS CRM
ZZ1M,2026-07-19,50000,185000000.0,BKS.ATM CENTER PUTRA MEDIKA CRM
ZZ1M,2026-07-19,100000,240000000.0,BKS.ATM CENTER PUTRA MEDIKA CRM
ZZ1O,2026-07-19,100000,300000000.0,BKS.ATM CENTER RS PUTRA MEDIKA III CRM
A439,2026-07-19,100000,480000000.0,BAL.NIRMALA KAMPUS UDAYANA JIMBARAN
3007,2026-07-19,100000,360000000.0,JKT.SPBU34-12608 JAGAKARSA
A239,2026-07-19,100000,330000000.0,BAL.INDOMARET CANGGU PERMAI
B549,2026-07-19,50000,330000000.0,TGR.Alfamidi Tanah Merah (MH02)
8279,2026-07-19,50000,400000000.0,MDN.KARYA WISATA
1153,2026-07-19,50000,165000000.0,BDG.SPBU34-40128 SUROPATI
A869,2026-07-19,100000,260000000.0,DBO.SPBU 44-59518 BANDUNGREJO -2
B490,2026-07-19,100000,220000000.0,BAL.Komune Beach
8095,2026-07-19,100000,590000000.0,SBY.MIWON 1 [INDUSTRI]
8237,2026-07-19,50000,370000000.0,BDG.BORMA DAKOTA
1539,2026-07-19,100000,270000000.0,BGR.PT INDOKORDSA 2
A813,2026-07-19,100000,100000000.0,BAL.CP LOUNGE UBUD
A784,2026-07-19,100000,510000000.0,MTN.CIMBN.SYARIAH MANDALIKA
A059,2026-07-19,100000,180000000.0,BAL.ATM CENTER CEKING TEGALLALANG
A955,2026-07-19,100000,140000000.0,BAL.RESIDENT BATU BOLONG
ZZ5E,2026-07-19,50000,140000000.0,JKT.Aeon Mall Jakarta Garden City
ZZ5E,2026-07-19,100000,150000000.0,JKT.Aeon Mall Jakarta Garden City
1935,2026-07-19,100000,360000000.0,BAL.TINOS MARKET
A068,2026-07-19,100000,340000000.0,SMG.INDOMARET SEDAYU TUGU (FD78)
1184,2026-07-19,100000,490000000.0,BDG.KAWASAN INDUSTRI CIMAREME 1 [INDUSTRI]
1023,2026-07-19,50000,355000000.0,TGR.SPBU34-15508 MELAYU RAGENT
B541,2026-07-19,50000,100000000.0,YOG.PT Marvel Sport International
B385,2026-07-19,50000,400000000.0,SMG.PT Mercindo Global Manufaktur (MGM)
B294,2026-07-19,50000,400000000.0,BKS.Indomaret Raya Setu (TRUT)
4609,2026-07-20,50000,350000000.0,MDN.SWALAYANANUGERAH PASAR V MARELAN
4532,2026-07-20,50000,360000000.0,DPK.SPBU 34-16919 CIMPAEUN TAPOS
4241,2026-07-20,50000,400000000.0,BKS.ATM CENTER TEGAL DANAS
B377,2026-07-20,50000,205000000.0,JKT.Shell Daan Mogot-1
A784,2026-07-20,100000,560000000.0,MTN.CIMBN.SYARIAH MANDALIKA
6470,2026-07-20,100000,750000000.0,BGR.SPBU34-16804 NAROGONG
4239,2026-07-20,50000,325000000.0,BKS.SPBU 34.171.19 DEPSOS
4327,2026-07-20,50000,290000000.0,BDG.INDOMARET PATAL BANJARAN (FAZH)
1467,2026-07-20,50000,340000000.0,MJK.INDOMARET MOJOSARI
4800,2026-07-20,50000,400000000.0,BGR.PT INDOKORDSA 1
5008,2026-07-20,50000,260000000.0,MLG.INDOMARET ANNUR BULULAWANG (TN16)
4196,2026-07-20,50000,135000000.0,BDG.PT ROYAL ABADI SEJAHTERA
4078,2026-07-20,50000,200000000.0,PDG.GILANG RAMADHAN STUDIO BAND
3953,2026-07-20,50000,315000000.0,SOL.SPBU 44.572.19 KALIJAMBE SRAGEN
1037,2026-07-20,50000,380000000.0,BGR.SPBU34-16607 LEUWILIANG
4508,2026-07-20,100000,800000000.0,TGR.PT HORN MING INDONESIA - 2
6629,2026-07-20,100000,390000000.0,SPBU PLATINA TITI PAPAN
ZZ2T,2026-07-20,100000,400000000.0,TGR.SPBU BENZINE 34-15710 CITRA RAYA CRM
ZZ2T,2026-07-20,50000,140000000.0,TGR.SPBU BENZINE 34-15710 CITRA RAYA CRM
4321,2026-07-20,100000,330000000.0,CRB.RS PLUMBON
1057,2026-07-20,100000,630000000.0,SPBU 34-15146 NEGLASARI
4578,2026-07-20,50000,335000000.0,TGR.INDOMARET PASAR BARU MAUK
4567,2026-07-20,50000,265000000.0,BGR.SPBU 34.161.20 SHOLEH ISKANDAR
4835,2026-07-20,50000,375000000.0,BGR.SPBU 34-16319 ARCO
4591,2026-07-20,100000,370000000.0,DPS.JAPANESE RYOSHI RESTAURANT
4661,2026-07-20,100000,280000000.0,BGR.INDOMARET MERCEDEZ BENZ RAYA
4867,2026-07-20,50000,200000000.0,YOG.INDOMARET KLATEN 2
A961,2026-07-20,50000,110000000.0,MDU.PT Digjaya Mulia Abadi
1246,2026-07-20,50000,400000000.0,SDA.SPBU54-61255 TROPODO
4784,2026-07-20,50000,400000000.0,YOG.SUPERMARKET JANUPUTRA -CEBONGAN
B367,2026-07-20,50000,400000000.0,MTN.Alfamart Bunderan Mandalika ( 1SCW)
ZZTN,2026-07-20,100000,280000000.0,JKT.EBL PACIFIC PLACE CRM 3 [VIP]
ZZTN,2026-07-20,50000,55000000.0,JKT.EBL PACIFIC PLACE CRM 3 [VIP]
ZZ2X,2026-07-20,100000,400000000.0,MTN.CRM.GECKO BUNGALOW & RESTAURANT CRM
ZZ2X,2026-07-20,50000,140000000.0,MTN.CRM.GECKO BUNGALOW & RESTAURANT CRM
B051,2026-07-20,50000,320000000.0,SDA.SPBU 54-61249 MayJend.Sungkono
A763,2026-07-20,50000,350000000.0,SOL.INDOMARET CEMANI 2 (TOA3)
ZZUJ,2026-07-20,50000,200000000.0,BDG.CRM.BORMA DAGO
ZZUJ,2026-07-20,100000,280000000.0,BDG.CRM.BORMA DAGO
4968,2026-07-20,50000,400000000.0,SDA.INDOMARET PLUS SEDATI GEDE
3896,2026-07-20,50000,400000000.0,SDA.CITRA HARMONI TROSOBO
4283,2026-07-20,50000,400000000.0,TGR.SPBU 34-15713 SOLEAR
4907,2026-07-20,50000,400000000.0,BKS.INDOMARET TELAGA PASIR RAYA
4605,2026-07-20,50000,175000000.0,PKB.JUMBO MART JALAN DELIMA PEKAN BARU
4451,2026-07-20,50000,300000000.0,DPK.INDOMARET KEJAYAAN DEPOK 2
4335,2026-07-20,50000,370000000.0,SDA.INDOMARET SUKODONO
4199,2026-07-20,50000,345000000.0,SMG.INDOMARET KALIWUNGU 2 (TU49)
1062,2026-07-20,50000,270000000.0,TGR.SPBU34-15108 DAAN MOGOT KM23
4289,2026-07-20,50000,400000000.0,DPS.NATURELA LABUHAN SAIT UNGASAN
4295,2026-07-20,50000,390000000.0,SBY.SPBU 54.601.107 KEBONSARI
3898,2026-07-20,50000,380000000.0,SMG.PABRIK PT. SIDOMUNCUL -2
4272,2026-07-20,50000,350000000.0,TGR.INDOMARET LEGOK HIPEL (T6UO)
4456,2026-07-20,50000,270000000.0,BKS.INDOMARET HARAPAN MULYA 8-9
6397,2026-07-20,100000,280000000.0,BKS.SPBU34-17503 GATSU CIKARNG
A333,2026-07-20,50000,270000000.0,BGR.SPBU 33-16101 SEMERU
5987,2026-07-20,100000,490000000.0,TGR.BANDARA SOEKARNO HATTA TERMINAL 3 AREA VOA
ZZ15,2026-07-20,100000,130000000.0,JKT.EBL GRAND INDONESIA CRM 2 [VIP]
ZZ15,2026-07-20,50000,140000000.0,JKT.EBL GRAND INDONESIA CRM 2 [VIP]
ZZ14,2026-07-20,100000,90000000.0,JKT.EBL GRAND INDONESIA CRM 1 [VIP]
ZZ14,2026-07-20,50000,140000000.0,JKT.EBL GRAND INDONESIA CRM 1 [VIP]
ZZ6P,2026-07-20,50000,95000000.0,YOG.HARTONO MALL YOGYAKARTA CRM
ZZ6P,2026-07-20,100000,280000000.0,YOG.HARTONO MALL YOGYAKARTA CRM
ZZ0R,2026-07-20,100000,210000000.0,TGR.INDOMARET SPBU34-15319 ALAM SUTERA CRM
ZZ0R,2026-07-20,50000,140000000.0,TGR.INDOMARET SPBU34-15319 ALAM SUTERA CRM
ZZ0Q,2026-07-20,100000,210000000.0,JKT.SPBU31-13101 PRAMUKA CRM
ZZ0Q,2026-07-20,50000,140000000.0,JKT.SPBU31-13101 PRAMUKA CRM
ZZ6T,2026-07-20,50000,140000000.0,BAL.SPBU IMAM BONJOL
ZZ6T,2026-07-20,100000,250000000.0,BAL.SPBU IMAM BONJOL
ZZ0L,2026-07-20,100000,280000000.0,BGR.SPBU34-161110 SINDANG BARANG CRM
ZZ69,2026-07-20,100000,220000000.0,YOG.SPBU44-55505 NGAGLIK CRM
ZZ0L,2026-07-20,50000,185000000.0,BGR.SPBU34-161110 SINDANG BARANG CRM
ZZ0J,2026-07-20,50000,100000000.0,JKT.SPBU34-12115 RADIO DALAM CRM
ZZ71,2026-07-20,50000,140000000.0,SBY.SPBU54-601119 CITRALAND CRM
ZZ71,2026-07-20,100000,220000000.0,SBY.SPBU54-601119 CITRALAND CRM
Z001,2026-07-20,100000,280000000.0,TGR.CIMBN.GRIYA NIAGA II CRM 2
ZZYS,2026-07-20,50000,65000000.0,JKT.CRM.DL Mall Blok M Plaza -2
ZZYS,2026-07-20,100000,280000000.0,JKT.CRM.DL Mall Blok M Plaza -2
Z001,2026-07-20,50000,65000000.0,TGR.CIMBN.GRIYA NIAGA II CRM 2
H157,2026-07-20,100000,280000000.0,SMG.UNGARAN CRM
H157,2026-07-20,50000,110000000.0,SMG.UNGARAN CRM
ZZ78,2026-07-20,50000,140000000.0,MDN.TASBIH CRM
ZZ78,2026-07-20,100000,400000000.0,MDN.TASBIH CRM
ZZZ0,2026-07-20,50000,140000000.0,BGR.ALFAMART PASAR BERSIH SENTUL CRM
ZZZ0,2026-07-20,100000,310000000.0,BGR.ALFAMART PASAR BERSIH SENTUL CRM
ZZ0J,2026-07-20,100000,180000000.0,JKT.SPBU34-12115 RADIO DALAM CRM
ZZ69,2026-07-20,50000,140000000.0,YOG.SPBU44-55505 NGAGLIK CRM
ZZ65,2026-07-20,100000,360000000.0,BKS.SPBU34-17503 GATSU CIKARNG CRM
ZZ65,2026-07-20,50000,140000000.0,BKS.SPBU34-17503 GATSU CIKARNG CRM
A061,2026-07-20,100000,390000000.0,BAL.ATM CENTER  BERAWA
5825,2026-07-20,100000,800000000.0,BAL.ATM CENTER PEPITO PERERENAN
5748,2026-07-20,100000,170000000.0,BAL.ATM CENTER BERAWA'S KITCHEN
1539,2026-07-20,100000,350000000.0,BGR.PT INDOKORDSA 2
6213,2026-07-20,100000,750000000.0,BKS.SPBU34-17307 CIBARUSAH
A299,2026-07-20,100000,130000000.0,BAL.MINIMART  CAMPUHAN UBUD  (UB11)
A387,2026-07-20,100000,200000000.0,YOG.Bandara NYIA Terminal Kedatangan
3418,2026-07-20,100000,560000000.0,TGR.SPBU34-15802 CURUG
ZZWR,2026-07-20,50000,200000000.0,TGR.SPBU 34-15113
ZZWR,2026-07-20,100000,280000000.0,TGR.SPBU 34-15113
ZZWU,2026-07-20,50000,175000000.0,JKT.CRM.SPBU 34-10401
ZZWU,2026-07-20,100000,280000000.0,JKT.CRM.SPBU 34-10401
5018,2026-07-20,100000,760000000.0,JMB PWS PABRIK SAWIT
ZZ25,2026-07-20,100000,280000000.0,JKT.EBL MALL EMPORIUM CRM 1 [VIP]
ZZX2,2026-07-20,50000,55000000.0,BGR.BOGOR TRADE MALL.CRM
ZZX2,2026-07-20,100000,280000000.0,BGR.BOGOR TRADE MALL.CRM
ZZ25,2026-07-20,50000,15000000.0,JKT.EBL MALL EMPORIUM CRM 1 [VIP]
4962,2026-07-20,100000,150000000.0,BAL.NIRMALA NUSA DUA
B522,2026-07-20,100000,300000000.0,JKT.Ashta at District 8
ZZ20,2026-07-20,100000,190000000.0,TGR.EBL AEON MALL CRM 2 [VIP]
ZZ20,2026-07-20,50000,140000000.0,TGR.EBL AEON MALL CRM 2 [VIP]
ZZ5L,2026-07-20,50000,65000000.0,BAL.STIE TRIATMA MULYA CRM
ZZ5L,2026-07-20,100000,280000000.0,BAL.STIE TRIATMA MULYA CRM
ZZ60,2026-07-20,50000,140000000.0,TGR.DUNKIN GADING SERPONG CRM 1
ZZ60,2026-07-20,100000,260000000.0,TGR.DUNKIN GADING SERPONG CRM 1
ZZ9E,2026-07-20,100000,400000000.0,TGR.SUMMARECON MALL SERPONG I CRM [VIP]
ZZ1H,2026-07-20,100000,360000000.0,BKS.SPBU34-17133 PERUMNAS CRM
ZZ1H,2026-07-20,50000,140000000.0,BKS.SPBU34-17133 PERUMNAS CRM
ZZ9E,2026-07-20,50000,140000000.0,TGR.SUMMARECON MALL SERPONG I CRM [VIP]
A002,2026-07-20,100000,530000000.0,BAL.PADMA HOTEL
A153,2026-07-20,100000,290000000.0,BAL.BALI TROPIC HOTEL
4068,2026-07-20,50000,360000000.0,SDA.GOLDEN STEP
4069,2026-07-20,50000,210000000.0,MBI.SPBU 14.207.166 TANAH TINGGI BINJAI
6665,2026-07-20,50000,215000000.0,BAL.WARUNG MADE
ZZE9,2026-07-20,50000,140000000.0,YOG.DL.ATMA JAYA CRM-3
ZZE9,2026-07-20,100000,70000000.0,YOG.DL.ATMA JAYA CRM-3
5510,2026-07-20,50000,230000000.0,SBY.PETRA 2
1567,2026-07-20,50000,385000000.0,TGR.SPBU31-15701 COCO CIKUPA
1583,2026-07-20,50000,250000000.0,BDG.SPBU34-40134 PASKAL
5431,2026-07-20,50000,305000000.0,MDN.SPBU 14-202148 YOS SUDARSO
ZZFN,2026-07-20,50000,125000000.0,TGR.CIMBN.CRM.CITRA RAYA
ZZFN,2026-07-20,100000,280000000.0,TGR.CIMBN.CRM.CITRA RAYA
ZZG0,2026-07-20,50000,150000000.0,BKS.ATM CENTER BINTARA 8 CRM
ZZG0,2026-07-20,100000,280000000.0,BKS.ATM CENTER BINTARA 8 CRM
5458,2026-07-20,50000,395000000.0,BKS.ALFAMART GRAMAPURI PERSADA
3517,2026-07-20,50000,220000000.0,SDA.PT TIMBER KREASI
A226,2026-07-20,50000,160000000.0,YOG.Indomaret Sugeng Jeroni (Fdjg)
A478,2026-07-20,50000,400000000.0,JPR.PT MAXIM INDOWOOD
A230,2026-07-20,50000,270000000.0,SOL.Indomaret Banyuanyar ( Tddx )
ZZG5,2026-07-20,100000,280000000.0,BDG.SEKOLAH HARAPAN KASIH CRM
5469,2026-07-20,50000,400000000.0,BKS.ALFAMART LEMBAH HIJAU
1656,2026-07-20,50000,355000000.0,TGL.TEH SOSRO [INDUSTRI]
5482,2026-07-20,50000,225000000.0,JKT.SPBU 34-12303 BINTARO PERMAI
6036,2026-07-20,50000,380000000.0,JPR.SWALAYAN SAUDARA JEPARA
6047,2026-07-20,50000,275000000.0,MKS.INDOMARET KIMIA SQUARE
6062,2026-07-20,50000,275000000.0,MLG.UNIVERSITAS KANJURUHAN MALANG
6564,2026-07-20,50000,400000000.0,DPK.SPBU34-16419 ARAYA GAS ALAM
3118,2026-07-20,50000,235000000.0,PKB.SPBU14-281629 DURIAN
ZZI2,2026-07-20,50000,140000000.0,SBY.SPBU54.601.32 CRM
ZZI2,2026-07-20,100000,140000000.0,SBY.SPBU54.601.32 CRM
ZZIJ,2026-07-20,50000,65000000.0,JKT.CIMBN.CRM.GEDUNG SENTRAYA
ZZIJ,2026-07-20,100000,280000000.0,JKT.CIMBN.CRM.GEDUNG SENTRAYA
6451,2026-07-20,50000,340000000.0,JKT.SPBU34-12509 PASAR MINGGU
ZZG5,2026-07-20,50000,140000000.0,BDG.SEKOLAH HARAPAN KASIH CRM
6471,2026-07-20,50000,270000000.0,BKS.LEGENDA PARK
5628,2026-07-20,50000,265000000.0,BGR.INDOMARET BOGOR PERMAI
3626,2026-07-20,50000,250000000.0,BKS.PT RESIN PLATING TECHNOLOGY
A085,2026-07-20,50000,205000000.0,AMB.MALUKU CITY MALL AMBON
A075,2026-07-20,50000,400000000.0,JKT.ALFAMIDI KAYU TINGGI (NC08)
A067,2026-07-20,50000,375000000.0,SMG.INDOMARET KARANGAWEN (T19U)
5667,2026-07-20,50000,305000000.0,BKS.Indomaret Jara Kosta 2 (Tl65)
5736,2026-07-20,50000,320000000.0,MDN.SPBU 14.202.104 LETDA SUJONO
3261,2026-07-20,50000,310000000.0,BKS.SPBU34-17115 JATIMAKMUR
ZZC9,2026-07-20,50000,140000000.0,YOG.DL.ATMA JAYA CRM-1
ZZC9,2026-07-20,100000,100000000.0,YOG.DL.ATMA JAYA CRM-1
A056,2026-07-20,50000,380000000.0,BDG.SPBU 34-40229 BATUJAJAR
3253,2026-07-20,50000,340000000.0,TGR.SPBU34-15115 NEGLASARI
ZZBF,2026-07-20,100000,180000000.0,KPN.CRM.RUKO OEBOBO KUPANG
ZZBF,2026-07-20,50000,85000000.0,KPN.CRM.RUKO OEBOBO KUPANG
ZZCC,2026-07-20,50000,155000000.0,TGR.CRM.INDOMARET KOTA BUMI 3 (TGME)
ZZCC,2026-07-20,100000,280000000.0,TGR.CRM.INDOMARET KOTA BUMI 3 (TGME)
A131,2026-07-20,50000,365000000.0,BDG.RUKO NANJUNG CIPATIK
ZZCD,2026-07-20,50000,140000000.0,TGR.CRM.INDOMARET PERMATA TANGERANG 2 (TJQ0)
3367,2026-07-20,50000,255000000.0,CRB.THE GARDENS
1677,2026-07-20,50000,400000000.0,PWA.INDOMARET TRNN CIREOG
A354,2026-07-20,50000,280000000.0,BGR.INDOMARET PERMATA CURUG(FWWR)
ZZCF,2026-07-20,50000,140000000.0,BKS.CRM.INDOMARET GEMALAPIK (TEV7)
ZZCF,2026-07-20,100000,210000000.0,BKS.CRM.INDOMARET GEMALAPIK (TEV7)
5026,2026-07-20,50000,280000000.0,JKT.INDOMARET HYBRID CIPINANG JAYA (TF3V)
3615,2026-07-20,50000,230000000.0,BAL.WATERBOOM
ZZCP,2026-07-20,50000,140000000.0,BKS.SPBU 34-17123 HARAPAN INDAH CRM-2
ZZCP,2026-07-20,100000,260000000.0,BKS.SPBU 34-17123 HARAPAN INDAH CRM-2
A558,2026-07-20,50000,335000000.0,BYL.INDOMARET KALIYOSO (T0K0)
5177,2026-07-20,50000,180000000.0,YOG.DM BARU SWALAYAN 6 GABUSAN
5180,2026-07-20,50000,315000000.0,BTM.FANINDO MART
A532,2026-07-20,50000,400000000.0,BKS.RS PERMATA BUNDA
3653,2026-07-20,50000,160000000.0,SOL.PAYMENT POINT
ZZCD,2026-07-20,100000,270000000.0,TGR.CRM.INDOMARET PERMATA TANGERANG 2 (TJQ0)
B050,2026-07-20,50000,400000000.0,DBO.PT Berkah Mulia Persada
5625,2026-07-20,50000,400000000.0,JKT.SPBU 34-11802 TEGAL ALUR
ZZIO,2026-07-20,50000,140000000.0,MTN.CIMBN.CRM.SYARIAH MANDALIKA
1958,2026-07-20,50000,400000000.0,TGR.SPBU34-15710 BENZINE CITRA RAYA
8479,2026-07-20,50000,150000000.0,BAL.CIRCLE K SEMER
6240,2026-07-20,50000,220000000.0,SOL.LUWES GADING
6257,2026-07-20,50000,265000000.0,SOL.LUWES KARTASURA
8308,2026-07-20,50000,345000000.0,BTM.BATU AJI
1967,2026-07-20,50000,395000000.0,BKS.SPBU34-17309 CIBARUSAH
6373,2026-07-20,50000,225000000.0,TGR.SPBU34-15421 CENDRAWASIH
6376,2026-07-20,50000,395000000.0,TGR.SPBU34-15147 KH MAS MANSYUR
6394,2026-07-20,50000,400000000.0,BKS.SPBU34-17133 PERUMNAS
3761,2026-07-20,50000,325000000.0,BYL.INDOMARET GAGAKSIPAT ( FOKS)
6689,2026-07-20,50000,400000000.0,BKS.SPBU34-17138 BINTARA BEKASI
A934,2026-07-20,50000,300000000.0,MLG.SPBU 54-65180 SUKOHARJO KEPANJEN
4789,2026-07-20,50000,400000000.0,GEI.SPBU 54.611.16 WRINGINANOM
4621,2026-07-20,50000,265000000.0,MDN ALFAMIDIE JL.RAKYAT
ZZM5,2026-07-20,100000,180000000.0,JKT.AMBASADOR CRM
4629,2026-07-20,50000,250000000.0,DPS.INDOMARET NANGKA
4646,2026-07-20,50000,400000000.0,TGR.SPBU 34-15104 TAMAN CIBODAS
4129,2026-07-20,50000,400000000.0,BKS.SPBU 34.175.42 KARANG SATRIA
4656,2026-07-20,50000,400000000.0,JKT.ALFAMIDI KALISARI
A874,2026-07-20,50000,390000000.0,KKA.PABRIK PT YUPI INDO JELLY GUM
4017,2026-07-20,50000,350000000.0,BKS.ATM CENTER RUKO PURI CENDANA
4706,2026-07-20,50000,115000000.0,SMG.UNIVERSITAS NEGERI SEMARANG
4707,2026-07-20,50000,345000000.0,CNJ.ALFAMART CINANGSI
4187,2026-07-20,50000,160000000.0,YOG.MIROTA PALAGAN
4002,2026-07-20,50000,270000000.0,DPK.ATM CENTER CENTURY 21
4783,2026-07-20,50000,225000000.0,YOG.SPBU 44.551.18 PANGGUNGHARJO
1252,2026-07-20,50000,315000000.0,MDN.SPBU14-2011168 SUMARSONO
A918,2026-07-20,50000,215000000.0,MKS.SPBU 74-90288 PINTU II UNHAS (PERINTIS KEMERDEKAAN)
3816,2026-07-20,50000,400000000.0,TGR.PT. JAYA SWARASA AGUNG
1772,2026-07-20,50000,195000000.0,BDG.TOSERBA BORMA RANCABELUT
A891,2026-07-20,50000,330000000.0,SMG.SPBU 44-50218 MANGKANG
A092,2026-07-20,50000,335000000.0,KRW.ALFAMIDI PERUMNAS 2 KARAWANG (VC69)
ZZM5,2026-07-20,50000,140000000.0,JKT.AMBASADOR CRM
8661,2026-07-20,50000,345000000.0,SBY.SAMPOERNA [INDUSTRI]
ZZIO,2026-07-20,100000,400000000.0,MTN.CIMBN.CRM.SYARIAH MANDALIKA
6473,2026-07-20,50000,210000000.0,TGR.SPBU34-15309 RAWA BUNTU
2029,2026-07-20,50000,400000000.0,JKT.INDOMARET RUKO MALIBU (TGGF)
6504,2026-07-20,50000,400000000.0,BGR.SPBU34-16822 PASIR ANGIN
3061,2026-07-20,50000,210000000.0,JKT.SPBU34-12114 GANDARIA
6084,2026-07-20,50000,180000000.0,SBY.SPBU 54-60144 SEMUT
6614,2026-07-20,50000,330000000.0,BAL.PEPITO EXPRESS TAMAN GRIYA
ZZJF,2026-07-20,50000,55000000.0,JKT.EBL CENTRAL PARK CRM [VIP]
ZZJF,2026-07-20,100000,280000000.0,JKT.EBL CENTRAL PARK CRM [VIP]
2975,2026-07-20,50000,275000000.0,BAL.NIRMALA MARKET
6785,2026-07-20,50000,160000000.0,BKS.RSIA HERMINA BEKASI MARGAHAYU
6452,2026-07-20,50000,285000000.0,BDG.PT SUPERBTEX [INDUSTRI]
ZZK2,2026-07-20,50000,130000000.0,SBY.SPBU.54.602.68  JOYOBOYO CRM
ZZK2,2026-07-20,100000,280000000.0,SBY.SPBU.54.602.68  JOYOBOYO CRM
6224,2026-07-20,50000,290000000.0,BDG.INDOMARET GIRI ASIH
6640,2026-07-20,50000,260000000.0,MDN.SPBU SINGAPORE STATION 2
ZZAR,2026-07-20,100000,280000000.0,DPK.RB SUMBER BAHAGIA.CRM
ZZAR,2026-07-20,50000,135000000.0,DPK.RB SUMBER BAHAGIA.CRM
ZZLO,2026-07-20,50000,180000000.0,MDN.CDM.POLONIA
ZZLO,2026-07-20,100000,280000000.0,MDN.CDM.POLONIA
6762,2026-07-20,50000,380000000.0,BKS.SPBU TAMBUN
6735,2026-07-20,50000,400000000.0,TGR.KMK GLOBAL SPORT 1 CIKUPA 2 [INDUSTRI]
6426,2026-07-20,50000,400000000.0,BGR.SPBU34-16933 TEGAR BERIMAN
6418,2026-07-20,50000,235000000.0,BKS.SPBU34-17413 JATIASIH
6414,2026-07-20,50000,400000000.0,BGR.SPBU34-16934 CIKARET
6100,2026-07-20,50000,400000000.0,BDG.SPBU 34-40906 GAJAH MEKAR
1896,2026-07-20,50000,400000000.0,TGR.SPBU34-15712 BENZINE CIKUPA
6115,2026-07-20,50000,355000000.0,JPR.SPBU44-59301 KUDUS PRAMBATAN
6133,2026-07-20,50000,345000000.0,CRB.SPBU 34-45123 PLERED
3191,2026-07-20,50000,270000000.0,SDA.PT.CORONET CROWN
6646,2026-07-20,50000,180000000.0,BAL.DISCOVERY SHOPPING MALL
A098,2026-07-20,50000,330000000.0,JKT.SPBU 33-13402 KOL. SUGIONO
